lemma,derivation,meaning,lsj_ulr,pos
πληκτήρ,[],,https://www.perseus.tufts.edu/hopper/text?doc=Perseus:text:1999.04.0057:entry=plhkth/r,noun
κλονιστήρ,[],,,
διιθυντήρ,[],,https://www.perseus.tufts.edu/hopper/text?doc=Perseus:text:1999.04.0057:entry=diiqunth/r,noun
μελέτωρ,['μέλω'],"- one who cares for, an avenger",https://www.perseus.tufts.edu/hopper/text?doc=Perseus:text:1999.04.0057:entry=mele/twr,noun
ὡροκράτωρ,"['ὥρα', 'κρατέω']",- the lord of the hour,https://www.perseus.tufts.edu/hopper/text?doc=Perseus:text:1999.04.0057:entry=w(rokra/twr,noun
κτίστωρ,['κτίζω'],,https://www.perseus.tufts.edu/hopper/text?doc=Perseus:text:1999.04.0057:entry=kti/stwr,noun
σαωτήρ,[],,https://www.perseus.tufts.edu/hopper/text?doc=Perseus:text:1999.04.0057:entry=sawth/r,
ἀλητήρ,['ἀλήτης'],- dance,https://www.perseus.tufts.edu/hopper/text?doc=Perseus:text:1999.04.0057:entry=a)lhth/r,noun
ἐξαυστήρ,"['ἐξ', 'αὔω']",- flesh-hook for taking meat out of a pot,https://www.perseus.tufts.edu/hopper/text?doc=Perseus:text:1999.04.0057:entry=e)causth/r,noun
φοιβήτωρ,[],,https://www.perseus.tufts.edu/hopper/text?doc=Perseus:text:1999.04.0057:entry=foibh/twr,noun
πολυμήτωρ,"['πολύς', 'μήτηρ']",- mother of many,https://www.perseus.tufts.edu/hopper/text?doc=Perseus:text:1999.04.0057:entry=polumh/twr,noun
παιδολετήρ,"['παῖς', 'ὄλλυμι']",- child-slaying; murderess of her children,https://www.perseus.tufts.edu/hopper/text?doc=Perseus:text:1999.04.0057:entry=paidoleth/r,noun
ἁρμελατήρ,"['ἅρμα', 'ἐλαύνω']",- charioteer,https://www.perseus.tufts.edu/hopper/text?doc=Perseus:text:1999.04.0057:entry=a(rmelath/r,noun
καταπειρατήρ,[],,,
ὀρύκτωρ,[],,,
ἐκσκέπτωρ,[],,,
δικαστήρ,['δικάζω'],- Foed.Delph. Pell,https://www.perseus.tufts.edu/hopper/text?doc=Perseus:text:1999.04.0057:entry=dikasth/r,noun
αὐλητήρ,['αὐλέω'],,https://www.perseus.tufts.edu/hopper/text?doc=Perseus:text:1999.04.0057:entry=au)lhth/r,noun
κηνσίτωρ,['κῆνσος'],- censitor,https://www.perseus.tufts.edu/hopper/text?doc=Perseus:text:1999.04.0057:entry=khnsi/twr,
βατήρ,['βαίνω'],"- that on which one treads, threshold; base",https://www.perseus.tufts.edu/hopper/text?doc=Perseus:text:1999.04.0057:entry=bath/r,noun
ὑπερίστωρ,"['ὑπέρ', 'ἴστωρ']",- knowing but too well,https://www.perseus.tufts.edu/hopper/text?doc=Perseus:text:1999.04.0057:entry=u(peri/stwr,noun
ῥεκτήρ,['ῥέζω'],"- worker, doer",https://www.perseus.tufts.edu/hopper/text?doc=Perseus:text:1999.04.0057:entry=r(ekth/r,noun
θρηνήτωρ,['θρηνέω'],,https://www.perseus.tufts.edu/hopper/text?doc=Perseus:text:1999.04.0057:entry=qrhnh/twr,noun
εὐνητήρ,['εὐνάω'],"- a bedfellow, husband; bed; cease",https://www.perseus.tufts.edu/hopper/text?doc=Perseus:text:1999.04.0057:entry=eu)nhth/r,noun
ἀμυντήρ,['ἀμύνω'],- defender,https://www.perseus.tufts.edu/hopper/text?doc=Perseus:text:1999.04.0057:entry=a)munth/r,noun
Πίκτωρ,[],,,noun
ἠλέκτωρ,[],- the beaming sun; fire,https://www.perseus.tufts.edu/hopper/text?doc=Perseus:text:1999.04.0057:entry=h)le/ktwr,noun
φυσακτήρ,['φυσάω'],,https://www.perseus.tufts.edu/hopper/text?doc=Perseus:text:1999.04.0057:entry=fusakth/r,
παρευναστήρ,['παρευνάζω'],- one who sleeps beside; chamberlain,https://www.perseus.tufts.edu/hopper/text?doc=Perseus:text:1999.04.0057:entry=pareunasth/r,noun
ἀγωνοθετήρ,"['ἀγών', 'τίθημι']",,https://www.perseus.tufts.edu/hopper/text?doc=Perseus:text:1999.04.0057:entry=a)gwnoqeth/r,noun
ἁρμόστωρ,['ἁρμόζω'],- commander,https://www.perseus.tufts.edu/hopper/text?doc=Perseus:text:1999.04.0057:entry=a(rmo/stwr,noun
κωπητήρ,['κώπη'],,https://www.perseus.tufts.edu/hopper/text?doc=Perseus:text:1999.04.0057:entry=kwphth/r,noun
νήκτωρ,[],,https://www.perseus.tufts.edu/hopper/text?doc=Perseus:text:1999.04.0057:entry=nh/ktwr,noun
θηήτωρ,['θεάομαι'],,,
ἀφρήτωρ,['φρήτρη'],- without brotherhood; bound by no socialtie,https://www.perseus.tufts.edu/hopper/text?doc=Perseus:text:1999.04.0057:entry=a)frh/twr,noun
οἰστρογενήτωρ,"['οἶστρος', 'γενήτωρ']",,,
πρηστηροκράτωρ,"['πρηστήρ', 'κρατέω']",,,
φιλεστιάτωρ,"['φίλος', 'ἑστιάτωρ']",- lover of feasting,https://www.perseus.tufts.edu/hopper/text?doc=Perseus:text:1999.04.0057:entry=filestia/twr,noun
μυκήτωρ,[],,https://www.perseus.tufts.edu/hopper/text?doc=Perseus:text:1999.04.0057:entry=mukh/twr,noun
ῥήτωρ,[],- public speaker,https://www.perseus.tufts.edu/hopper/text?doc=Perseus:text:1999.04.0057:entry=r(h/twr,noun
σαώτηρ,[],,,
Ἀνάκτωρ,[],,,noun
διαδεκτήρ,"['διά', 'δέχομαι']",- transmitter,https://www.perseus.tufts.edu/hopper/text?doc=Perseus:text:1999.04.0057:entry=diadekth/r,noun
σφίγκτωρ,['σφίγγω'],,https://www.perseus.tufts.edu/hopper/text?doc=Perseus:text:1999.04.0057:entry=sfi/gktwr,noun
ἑτερομήτωρ,"['ἕτερος', 'μήτηρ']",,https://www.perseus.tufts.edu/hopper/text?doc=Perseus:text:1999.04.0057:entry=e(teromh/twr,noun
διοικήτωρ,[],,https://www.perseus.tufts.edu/hopper/text?doc=Perseus:text:1999.04.0057:entry=dioikh/twr,
φράτωρ,[],,https://www.perseus.tufts.edu/hopper/text?doc=Perseus:text:1999.04.0057:entry=fra/twr,noun
ἀγγελτήρ,['ἀγγέλλω'],,,
κέντωρ,['κέντρον'],"- goader, driver",https://www.perseus.tufts.edu/hopper/text?doc=Perseus:text:1999.04.0057:entry=ke/ntwr,noun
Δαίτωρ,[],,,noun
ἀγρυπνητήρ,['ἀγρυπνέω'],- watcher,https://www.perseus.tufts.edu/hopper/text?doc=Perseus:text:1999.04.0057:entry=a)grupnhth/r,noun
ψυχροκαυτήρ,"['ψυχρός', 'καυτήρ']",- a caustic,https://www.perseus.tufts.edu/hopper/text?doc=Perseus:text:1999.04.0057:entry=yuxrokauth/r,noun
ἀλλοφρήτωρ,"['ἄλλος', 'φρήτωρ']",- one of another,https://www.perseus.tufts.edu/hopper/text?doc=Perseus:text:1999.04.0057:entry=a)llofrh/twr,noun
θατήρ,[],- throttler,https://www.perseus.tufts.edu/hopper/text?doc=Perseus:text:1999.04.0057:entry=qath/r,noun
καμπτήρ,['κάμπτω'],"- bend, angle
- turning-point in the",https://www.perseus.tufts.edu/hopper/text?doc=Perseus:text:1999.04.0057:entry=kampth/r,noun
ἀμπυκτήρ,"['ἀνά', 'ἀμφί']",- horse's bridle,https://www.perseus.tufts.edu/hopper/text?doc=Perseus:text:1999.04.0057:entry=a)mpukth/r,noun
ἀγυρτήρ,['ἀγυρτεύω'],,https://www.perseus.tufts.edu/hopper/text?doc=Perseus:text:1999.04.0057:entry=a)gurth/r,noun
συμμήστωρ,"['σύν', 'μήστωρ']",- fellow-counsellor,https://www.perseus.tufts.edu/hopper/text?doc=Perseus:text:1999.04.0057:entry=summh/stwr,noun
ἀγροτήρ,['ἀγρός'],- rustic,https://www.perseus.tufts.edu/hopper/text?doc=Perseus:text:1999.04.0057:entry=a)groth/r,noun
δηλητήρ,['δηλέομαι'],,,noun
χρηστήρ,[],,https://www.perseus.tufts.edu/hopper/text?doc=Perseus:text:1999.04.0057:entry=xrhsth/r,noun
πρηστήρ,['πίμπρημι'],"- hurricane; waterspout attended with lightning
- pair of bellows
- veins of the neck when swollen by anger
- serpent",https://www.perseus.tufts.edu/hopper/text?doc=Perseus:text:1999.04.0057:entry=prhsth/r,noun
ἀμφιάστωρ,['ἀμφιάζω'],,,
ὑποβατήρ,"['ὑπό', 'βαίνω']",- pedestal; support,https://www.perseus.tufts.edu/hopper/text?doc=Perseus:text:1999.04.0057:entry=u(pobath/r,noun
ὑβριστήρ,['ὑβρίζω'],,https://www.perseus.tufts.edu/hopper/text?doc=Perseus:text:1999.04.0057:entry=u(bristh/r,noun
ναυκράτωρ,['ναυκρατέω'],- master of a ship,https://www.perseus.tufts.edu/hopper/text?doc=Perseus:text:1999.04.0057:entry=naukra/twr,noun
θηητήρ,['θεάομαι'],"- one who gazes at, an admirer",https://www.perseus.tufts.edu/hopper/text?doc=Perseus:text:1999.04.0057:entry=qhhth/r,noun
ἀδιούτωρ,[],,,
παύστωρ,['παύω'],,https://www.perseus.tufts.edu/hopper/text?doc=Perseus:text:1999.04.0057:entry=pau/stwr,noun
χαλκεομήστωρ,"['χάλκεος', 'μήδομαι']",- skilled in arms,https://www.perseus.tufts.edu/hopper/text?doc=Perseus:text:1999.04.0057:entry=xalkeomh/stwr,noun
κονρήκτωρ,[],,,
προκουράτωρ,[],,,
ὀργανοπήκτωρ,"['ὄργανον', 'πήγνυμι']",,https://www.perseus.tufts.edu/hopper/text?doc=Perseus:text:1999.04.0057:entry=o)rganoph/ktwr,noun
κουαίστωρ,[],,,
συλλήπτωρ,"['σύν', 'λαμβάνω']","- accomplice, assistant",https://www.perseus.tufts.edu/hopper/text?doc=Perseus:text:1999.04.0057:entry=sullh/ptwr,noun
σωματοφρουρητήρ,"['σῶμα', 'φρουρητήρ']",,https://www.perseus.tufts.edu/hopper/text?doc=Perseus:text:1999.04.0057:entry=swmatofrourhth/r,noun
πυρσευτήρ,['πυρσεύω'],- one who heats a bath,https://www.perseus.tufts.edu/hopper/text?doc=Perseus:text:1999.04.0057:entry=purseuth/r,noun
χερμαστήρ,['χερμάς'],- slinger,https://www.perseus.tufts.edu/hopper/text?doc=Perseus:text:1999.04.0057:entry=xermasth/r,noun
θεοσέπτωρ,"['θεός', 'σέβω']",,https://www.perseus.tufts.edu/hopper/text?doc=Perseus:text:1999.04.0057:entry=qeose/ptwr,noun
συργάστωρ,"['σύρω', 'γαστήρ']",,,noun
κτήτωρ,['κτάομαι'],"- possessor, owner",https://www.perseus.tufts.edu/hopper/text?doc=Perseus:text:1999.04.0057:entry=kth/twr,noun
εὐνήτωρ,[],,https://www.perseus.tufts.edu/hopper/text?doc=Perseus:text:1999.04.0057:entry=eu)nh/twr,noun
Ἀγήτωρ,[],- Leader,https://www.perseus.tufts.edu/hopper/text?doc=Perseus:text:1999.04.0057:entry=*)agh/twr,noun
ῥυστήρ,['ἐρύω'],"- deliverer
- rein",https://www.perseus.tufts.edu/hopper/text?doc=Perseus:text:1999.04.0057:entry=r(usth/r,noun
ἐπιτακτήρ,"['ἐπί', 'τάσσω']",,https://www.perseus.tufts.edu/hopper/text?doc=Perseus:text:1999.04.0057:entry=e)pitakth/r,noun
κουβίτωρ,[],,,
ἡβήτωρ,[],,https://www.perseus.tufts.edu/hopper/text?doc=Perseus:text:1999.04.0057:entry=h(bh/twr,noun
πνευματοκλήτωρ,"['πνεῦμα', 'καλέω']",,,
πειστήρ,['πείθω'],- one who obeys,https://www.perseus.tufts.edu/hopper/text?doc=Perseus:text:1999.04.0057:entry=peisth/r,noun
ἀγρευτήρ,['ἀγρεύω'],,https://www.perseus.tufts.edu/hopper/text?doc=Perseus:text:1999.04.0057:entry=a)greuth/r,noun
κλωστήρ,['κλώθω'],"- spindle
- thread, yarn",https://www.perseus.tufts.edu/hopper/text?doc=Perseus:text:1999.04.0057:entry=klwsth/r,noun
διοτήρ,[],,https://www.perseus.tufts.edu/hopper/text?doc=Perseus:text:1999.04.0057:entry=dioth/r,
κλωποπάτωρ,"['κλώψ', 'πατήρ']",- son of a thief,https://www.perseus.tufts.edu/hopper/text?doc=Perseus:text:1999.04.0057:entry=klwpopa/twr,noun
περιχαρακτήρ,"['περί', 'χαράσσω']",- instrument for detaching,https://www.perseus.tufts.edu/hopper/text?doc=Perseus:text:1999.04.0057:entry=perixarakth/r,noun
μαμμοπάτωρ,"['μάμμα', 'πατήρ']",- maternal grandfather,https://www.perseus.tufts.edu/hopper/text?doc=Perseus:text:1999.04.0057:entry=mammopa/twr,noun
ἱεροφάντωρ,[],,https://www.perseus.tufts.edu/hopper/text?doc=Perseus:text:1999.04.0057:entry=i(erofa/ntwr,
ὁμοπάτωρ,"['ὁμός', 'πατήρ']",,,noun
δειπνοκλήτωρ,"['δεῖπνον', 'κλήτωρ']",- one who invites to dinner,https://www.perseus.tufts.edu/hopper/text?doc=Perseus:text:1999.04.0057:entry=deipnoklh/twr,noun
εὐαστήρ,['εὐάζω'],- in,https://www.perseus.tufts.edu/hopper/text?doc=Perseus:text:1999.04.0057:entry=eu)asth/r,noun
ὑπασπιστήρ,"['ὑπό', 'ἀσπίς']",- shield-bearing,https://www.perseus.tufts.edu/hopper/text?doc=Perseus:text:1999.04.0057:entry=u(paspisth/r,noun
ἀφήτωρ,"['ἀπό', 'ἵημι']",- archer; prophet,https://www.perseus.tufts.edu/hopper/text?doc=Perseus:text:1999.04.0057:entry=a)fh/twr,noun
φυλάκτωρ,[],,https://www.perseus.tufts.edu/hopper/text?doc=Perseus:text:1999.04.0057:entry=fula/ktwr,noun
ἀβολήτωρ,['ἀβολέω'],- one who meets,https://www.perseus.tufts.edu/hopper/text?doc=Perseus:text:1999.04.0057:entry=a)bolh/twr,noun
Πολύκτωρ,[],,,noun
σαυρωτήρ,['σαύρα'],- ferrule; spike,https://www.perseus.tufts.edu/hopper/text?doc=Perseus:text:1999.04.0057:entry=saurwth/r,noun
συσφιγκτήρ,"['σύν', 'σφίγγω']",,https://www.perseus.tufts.edu/hopper/text?doc=Perseus:text:1999.04.0057:entry=susfigkth/r,noun
μηλοβοτήρ,"['μῆλον', 'βόσκω']",- shepherd,https://www.perseus.tufts.edu/hopper/text?doc=Perseus:text:1999.04.0057:entry=mhloboth/r,noun
γομφωτήρ,['γομφόω'],"- a ship-builder
- surgical instrument for excising bone",https://www.perseus.tufts.edu/hopper/text?doc=Perseus:text:1999.04.0057:entry=gomfwth/r,noun
ἐκπορθήτωρ,"['ἐκ', 'πορθέω']","- waster, destroyer",https://www.perseus.tufts.edu/hopper/text?doc=Perseus:text:1999.04.0057:entry=e)kporqh/twr,noun
ὀψωνάτωρ,[],- caterer; obsonator,https://www.perseus.tufts.edu/hopper/text?doc=Perseus:text:1999.04.0057:entry=o)ywna/twr,noun
σημάντωρ,['σημαίνω'],"- one who gives a signal, leader, commander; driver; herdsman",https://www.perseus.tufts.edu/hopper/text?doc=Perseus:text:1999.04.0057:entry=shma/ntwr,noun
καυστήρ,['καίω'],- cauterizing apparatus,https://www.perseus.tufts.edu/hopper/text?doc=Perseus:text:1999.04.0057:entry=kausth/r,noun
μασητήρ,['μασάομαι'],- chewer; chewing,https://www.perseus.tufts.edu/hopper/text?doc=Perseus:text:1999.04.0057:entry=mashth/r,noun
δησέρτωρ,[],,,
μνηστήρ,['μνάομαι'],"- wooer, suitor",https://www.perseus.tufts.edu/hopper/text?doc=Perseus:text:1999.04.0057:entry=mnhsth/r,noun
σκουβίτωρ,[],,,
μεγαλογάστωρ,"['μέγας', 'γαστήρ']",- big-bellied,https://www.perseus.tufts.edu/hopper/text?doc=Perseus:text:1999.04.0057:entry=megaloga/stwr,noun
δραστήρ,['δράω'],- cook,https://www.perseus.tufts.edu/hopper/text?doc=Perseus:text:1999.04.0057:entry=drasth/r,noun
ὀλβιογάστωρ,"['ὄλβιος', 'γαστήρ']","- whose happiness is in his belly, a belly-god",https://www.perseus.tufts.edu/hopper/text?doc=Perseus:text:1999.04.0057:entry=o)lbioga/stwr,noun
κινητήρ,['κινέω'],,https://www.perseus.tufts.edu/hopper/text?doc=Perseus:text:1999.04.0057:entry=kinhth/r,noun
ἀχυροπράκτωρ,"['ἄχυρον', 'πράκτωρ']",- collector of chaff; of the tax thereon),https://www.perseus.tufts.edu/hopper/text?doc=Perseus:text:1999.04.0057:entry=a)xuropra/ktwr,noun
μοδεράτωρ,[],,,
διαδέκτωρ,"['διά', 'δέχομαι']",- inheritor,https://www.perseus.tufts.edu/hopper/text?doc=Perseus:text:1999.04.0057:entry=diade/ktwr,noun
Ἱπποκράτωρ,[],,,noun
ποτήρ,['πίνω'],- drinking-cup,https://www.perseus.tufts.edu/hopper/text?doc=Perseus:text:1999.04.0057:entry=poth/r,noun
κομιστήρ,['κομίζω'],,https://www.perseus.tufts.edu/hopper/text?doc=Perseus:text:1999.04.0057:entry=komisth/r,noun
ὁμομήτωρ,[],,https://www.perseus.tufts.edu/hopper/text?doc=Perseus:text:1999.04.0057:entry=o(momh/twr,noun
ταμιεύτωρ,['ταμιεύω'],,https://www.perseus.tufts.edu/hopper/text?doc=Perseus:text:1999.04.0057:entry=tamieu/twr,noun
γενετήρ,[],- parents,https://www.perseus.tufts.edu/hopper/text?doc=Perseus:text:1999.04.0057:entry=geneth/r,noun
ἐξυμενιστήρ,"['ἐξ', 'ὐμενίζω']",- flaying; dissecting knife,https://www.perseus.tufts.edu/hopper/text?doc=Perseus:text:1999.04.0057:entry=e)cumenisth/r,noun
ὀϊστευτήρ,['ὀϊστεύω'],,,noun
ἐπιδέκτωρ,"['ἐπί', 'δέχομαι']",,https://www.perseus.tufts.edu/hopper/text?doc=Perseus:text:1999.04.0057:entry=e)pide/ktwr,noun
λῃστήρ,['λῃστής'],- robber; pirate,https://www.perseus.tufts.edu/hopper/text?doc=Perseus:text:1999.04.0057:entry=lh|sth/r,noun
Προτρυγητήρ,[],,,noun
Δημήτηρ,[],- Aus Lydien; Griechische Dialekte; Demeter; h.Cer,https://www.perseus.tufts.edu/hopper/text?doc=Perseus:text:1999.04.0057:entry=*dhmh/thr,noun
βασκαντήρ,[],,,
ἐκσκουβίτωρ,[],,,
προγενήτωρ,[],,,
Ἀκέστωρ,[],,,noun
σαγηνευτήρ,['σαγηνεύω'],- one who fishes with the,https://www.perseus.tufts.edu/hopper/text?doc=Perseus:text:1999.04.0057:entry=saghneuth/r,noun
πιστήρ,['πιπίσκω'],,https://www.perseus.tufts.edu/hopper/text?doc=Perseus:text:1999.04.0057:entry=pisth/r,noun
εὐρυγάστωρ,"['εὐρύς', 'γαστήρ']",- big-bellied,https://www.perseus.tufts.edu/hopper/text?doc=Perseus:text:1999.04.0057:entry=eu)ruga/stwr,noun
κυνηγητήρ,"['κύων', 'ἄγω']",,https://www.perseus.tufts.edu/hopper/text?doc=Perseus:text:1999.04.0057:entry=kunhghth/r,noun
συνθοινάτωρ,"['σύν', 'θοίνη']",- partaker in a feast,https://www.perseus.tufts.edu/hopper/text?doc=Perseus:text:1999.04.0057:entry=sunqoina/twr,noun
Δμήτωρ,[],,,noun
ἀπειλητήρ,"['ἀπό', 'εἰλέω']","- threatener, boaster",https://www.perseus.tufts.edu/hopper/text?doc=Perseus:text:1999.04.0057:entry=a)peilhth/r,noun
ἑστιάτωρ,['ἑστιάω'],"- one who gives a banquet, host
- guest
- office-bearers of a religious association",https://www.perseus.tufts.edu/hopper/text?doc=Perseus:text:1999.04.0057:entry=e(stia/twr,noun
ὑποχυτήρ,"['ὑπό', 'χέω']",- vessel to pour,https://www.perseus.tufts.edu/hopper/text?doc=Perseus:text:1999.04.0057:entry=u(poxuth/r,noun
ἀποπαύστωρ,"['ἀπό', 'παύω']",,https://www.perseus.tufts.edu/hopper/text?doc=Perseus:text:1999.04.0057:entry=a)popau/stwr,noun
ἀμύντωρ,['ἀμύνω'],"- defender, helper",https://www.perseus.tufts.edu/hopper/text?doc=Perseus:text:1999.04.0057:entry=a)mu/ntwr,noun
ταράκτωρ,['ταράσσω'],,https://www.perseus.tufts.edu/hopper/text?doc=Perseus:text:1999.04.0057:entry=tara/ktwr,noun
τεχνήτωρ,['τεχνάομαι'],"- artificer, maker",https://www.perseus.tufts.edu/hopper/text?doc=Perseus:text:1999.04.0057:entry=texnh/twr,noun
δμητήρ,['δαμάζω'],- tamer,https://www.perseus.tufts.edu/hopper/text?doc=Perseus:text:1999.04.0057:entry=dmhth/r,noun
ἑρπυστήρ,['ἑρπύζω'],- a reptile,https://www.perseus.tufts.edu/hopper/text?doc=Perseus:text:1999.04.0057:entry=e(rpusth/r,noun
διασφακτήρ,"['διά', 'σφάζω']",- murderous,https://www.perseus.tufts.edu/hopper/text?doc=Perseus:text:1999.04.0057:entry=diasfakth/r,noun
χωνευτήρ,['χωνεύω'],,https://www.perseus.tufts.edu/hopper/text?doc=Perseus:text:1999.04.0057:entry=xwneuth/r,noun
κλητήρ,['καλέω'],- summoner; witness who gave evidence that the legal summons had been served,https://www.perseus.tufts.edu/hopper/text?doc=Perseus:text:1999.04.0057:entry=klhth/r,noun
προμνήστωρ,"['πρό', 'μνάομαι']",,,
ἐπιρυτήρ,[],,,
Νομήτωρ,[],,,noun
δωρητήρ,['δωρέω'],- giver,https://www.perseus.tufts.edu/hopper/text?doc=Perseus:text:1999.04.0057:entry=dwrhth/r,noun
μονομάτωρ,[],,https://www.perseus.tufts.edu/hopper/text?doc=Perseus:text:1999.04.0057:entry=monoma/twr,noun
παυστήρ,['παύω'],- one who stops; relieves,https://www.perseus.tufts.edu/hopper/text?doc=Perseus:text:1999.04.0057:entry=pausth/r,noun
καλυπτήρ,['καλύπτω'],"- covering, sheath",https://www.perseus.tufts.edu/hopper/text?doc=Perseus:text:1999.04.0057:entry=kalupth/r,noun
λείτωρ,[],- priest,https://www.perseus.tufts.edu/hopper/text?doc=Perseus:text:1999.04.0057:entry=lei/twr,noun
αἰχμητήρ,['αἰχμή'],,https://www.perseus.tufts.edu/hopper/text?doc=Perseus:text:1999.04.0057:entry=ai)xmhth/r,noun
κριντήρ,['κρίνω'],,,
ἱεροπράκτωρ,"['ἱερός', 'πράκτωρ']",,https://www.perseus.tufts.edu/hopper/text?doc=Perseus:text:1999.04.0057:entry=i(eropra/ktwr,
σβεστήρ,[],- extinguisher,https://www.perseus.tufts.edu/hopper/text?doc=Perseus:text:1999.04.0057:entry=sbesth/r,noun
ἀποδοτήρ,"['ἀπό', 'δίδωμι']",,,
φύτωρ,['φύω'],- father,https://www.perseus.tufts.edu/hopper/text?doc=Perseus:text:1999.04.0057:entry=fu/twr,noun
κρεμαστήρ,['κρεμάννυμι'],- suspender; vasa deferentia; muscle suspending the ovaries,https://www.perseus.tufts.edu/hopper/text?doc=Perseus:text:1999.04.0057:entry=kremasth/r,noun
θαλασσοκράτωρ,"['θάλασσα', 'κράτος']",- master of the sea,https://www.perseus.tufts.edu/hopper/text?doc=Perseus:text:1999.04.0057:entry=qalassokra/twr,noun
ψαλτήρ,['ψάλλω'],,,
παγγενέτωρ,"['πᾶς', 'γίγνομαι']",,https://www.perseus.tufts.edu/hopper/text?doc=Perseus:text:1999.04.0057:entry=paggene/twr,noun
ὑπαφήτωρ,"['ὑπό', 'ἀφήτωρ']",,,
ἀνακρεμαστήρ,"['ἀνά', 'κρεμάννυμι']",,https://www.perseus.tufts.edu/hopper/text?doc=Perseus:text:1999.04.0057:entry=a)nakremasth/r,noun
ὑλιστήρ,['ὑλίζω'],"- filter, colander",https://www.perseus.tufts.edu/hopper/text?doc=Perseus:text:1999.04.0057:entry=u(listh/r,noun
Κάστωρ,[],,https://www.perseus.tufts.edu/hopper/text?doc=Perseus:text:1999.04.0057:entry=*ka/stwr,noun
ἕρκτωρ,['ἔρδω'],- a doer,https://www.perseus.tufts.edu/hopper/text?doc=Perseus:text:1999.04.0057:entry=e(/rktwr,noun
πλήκτωρ,[],,https://www.perseus.tufts.edu/hopper/text?doc=Perseus:text:1999.04.0057:entry=plh/ktwr,
Διογενέτωρ,"['Ζεύς', 'γενέτωρ']",- giving birth to Zeus; of Zeus,https://www.perseus.tufts.edu/hopper/text?doc=Perseus:text:1999.04.0057:entry=*diogene/twr,noun
ἐλατήρ,['ἐλαύνω'],"- driver; charioteer
- one that drives away
- a broad, flat cake
- hoopstick",https://www.perseus.tufts.edu/hopper/text?doc=Perseus:text:1999.04.0057:entry=e)lath/r,noun
ἐρευνητήρ,['ἐρευνάω'],,https://www.perseus.tufts.edu/hopper/text?doc=Perseus:text:1999.04.0057:entry=e)reunhth/r,noun
χρυσοπάτωρ,[],,https://www.perseus.tufts.edu/hopper/text?doc=Perseus:text:1999.04.0057:entry=xrusopa/twr,noun
ὀπωπητήρ,[],,https://www.perseus.tufts.edu/hopper/text?doc=Perseus:text:1999.04.0057:entry=o)pwphth/r,noun
φρυγανιστήρ,['φρυγανίζω'],- one who gathers firewood,https://www.perseus.tufts.edu/hopper/text?doc=Perseus:text:1999.04.0057:entry=fruganisth/r,noun
τοιχοδιφήτωρ,"['τοῖχος', 'διφήτωρ']",- one who creeps through a hole in the wall,https://www.perseus.tufts.edu/hopper/text?doc=Perseus:text:1999.04.0057:entry=toixodifh/twr,noun
βιοδώτωρ,"['βίος', 'δίδωμι']",- furnishing a livelihood,https://www.perseus.tufts.edu/hopper/text?doc=Perseus:text:1999.04.0057:entry=biodw/twr,noun
παιδολέτωρ,"['παῖς', 'ὄλλυμι']",- child-murdering,https://www.perseus.tufts.edu/hopper/text?doc=Perseus:text:1999.04.0057:entry=paidole/twr,noun
ὀγάστωρ,[],,,
ἀμπαιστήρ,[],- door-knocker,https://www.perseus.tufts.edu/hopper/text?doc=Perseus:text:1999.04.0057:entry=a)mpaisth/r,noun
οἰνομήτωρ,"['οἶνος', 'μήτηρ']",- mother of wine,https://www.perseus.tufts.edu/hopper/text?doc=Perseus:text:1999.04.0057:entry=oi)nomh/twr,noun
προγεννήτωρ,"['πρό', 'γεννάω']",- forefathers,https://www.perseus.tufts.edu/hopper/text?doc=Perseus:text:1999.04.0057:entry=progennh/twr,noun
νιπτήρ,['νίζω'],"- washing-vessel, basin",https://www.perseus.tufts.edu/hopper/text?doc=Perseus:text:1999.04.0057:entry=nipth/r,noun
πολυΐστωρ,"['πολύς', 'ἵστωρ']",,,noun
ὁμοπλωτήρ,"['ὁμός', 'πλέω']",- one who sails in company,https://www.perseus.tufts.edu/hopper/text?doc=Perseus:text:1999.04.0057:entry=o(moplwth/r,noun
ἁρμοστήρ,['ἁρμόζω'],- laid with the grain,https://www.perseus.tufts.edu/hopper/text?doc=Perseus:text:1999.04.0057:entry=a(rmosth/r,noun
ἑλικτήρ,['ἑλίσσω'],- anything twisted; ear-ring,https://www.perseus.tufts.edu/hopper/text?doc=Perseus:text:1999.04.0057:entry=e(likth/r,noun
κρατήρ,['κεράννυμι'],"- mixing vessel; bowl, in which wine was mixed with water
- any cup-shaped hollow, basin",https://www.perseus.tufts.edu/hopper/text?doc=Perseus:text:1999.04.0057:entry=krath/r,noun
ἀρητήρ,['ἀράομαι'],- one that prays; priest,https://www.perseus.tufts.edu/hopper/text?doc=Perseus:text:1999.04.0057:entry=a)rhth/r,noun
οἰκήτωρ,['οἰκέω'],- inhabitant,https://www.perseus.tufts.edu/hopper/text?doc=Perseus:text:1999.04.0057:entry=oi)kh/twr,noun
ἀμύκτηρ,['μυκτήρ'],- without nose,https://www.perseus.tufts.edu/hopper/text?doc=Perseus:text:1999.04.0057:entry=a)mu/kthr,
οἰκιστήρ,['οἰκίζω'],,https://www.perseus.tufts.edu/hopper/text?doc=Perseus:text:1999.04.0057:entry=oi)kisth/r,noun
στερφωτήρ,['στέρφος'],- clad in hides,https://www.perseus.tufts.edu/hopper/text?doc=Perseus:text:1999.04.0057:entry=sterfwth/r,noun
φραστήρ,['φράζω'],"- teller, expounder; of; about; that tell",https://www.perseus.tufts.edu/hopper/text?doc=Perseus:text:1999.04.0057:entry=frasth/r,noun
ἡβητήρ,['ἡβάω'],,https://www.perseus.tufts.edu/hopper/text?doc=Perseus:text:1999.04.0057:entry=h(bhth/r,noun
διατάκτωρ,[],,https://www.perseus.tufts.edu/hopper/text?doc=Perseus:text:1999.04.0057:entry=diata/ktwr,noun
ῥύτωρ,['ἐρύω'],"- saviour, deliverer, defender; one who saves; delivers from",https://www.perseus.tufts.edu/hopper/text?doc=Perseus:text:1999.04.0057:entry=r(u/twr2,noun
ἑρπηστήρ,['ἕρπω'],,https://www.perseus.tufts.edu/hopper/text?doc=Perseus:text:1999.04.0057:entry=e(rphsth/r,noun
δυσευνάτωρ,"['δυσ', 'εὐνάω']",,,noun
ἀοσσητήρ,['ἀοσσέω'],"- assistant, helper, aider",https://www.perseus.tufts.edu/hopper/text?doc=Perseus:text:1999.04.0057:entry=a)osshth/r,noun
Νέστωρ,[],- Nestor,https://www.perseus.tufts.edu/hopper/text?doc=Perseus:text:1999.04.0057:entry=*ne/stwr,noun
φωλητήρ,['φωλεός'],- one who lurks in a hole; keeps in one place,https://www.perseus.tufts.edu/hopper/text?doc=Perseus:text:1999.04.0057:entry=fwlhth/r,noun
μυξητήρ,[],,https://www.perseus.tufts.edu/hopper/text?doc=Perseus:text:1999.04.0057:entry=muchth/r,noun
ἰανάτηρ,[],,,
ἰχνευτήρ,['ἰχνεύω'],,,
φιλοπάτωρ,"['φίλος', 'πατήρ']",- loving one's father,https://www.perseus.tufts.edu/hopper/text?doc=Perseus:text:1999.04.0057:entry=filopa/twr,noun
νομορήτωρ,"['νόμος', 'ῥήτωρ']",,https://www.perseus.tufts.edu/hopper/text?doc=Perseus:text:1999.04.0057:entry=nomorh/twr,noun
ἀναψυκτήρ,"['ἀνά', 'ψύχω']",- refresher,https://www.perseus.tufts.edu/hopper/text?doc=Perseus:text:1999.04.0057:entry=a)nayukth/r,noun
νικήτωρ,['νικάω'],- victorious; Legio Victrix,https://www.perseus.tufts.edu/hopper/text?doc=Perseus:text:1999.04.0057:entry=nikh/twr,noun
Πολυμήστωρ,[],,,noun
πλοτήρ,['πλούς'],,,
κριτήρ,['κρίνω'],- interpreter,https://www.perseus.tufts.edu/hopper/text?doc=Perseus:text:1999.04.0057:entry=krith/r,noun
μυκτήρ,['μύσσομαι'],"- nostril; Acut.(Sp; nozzle
- trunk; funnel",https://www.perseus.tufts.edu/hopper/text?doc=Perseus:text:1999.04.0057:entry=mukth/r,noun
ἐγκοιμήτωρ,"['ἐν', 'κοιμάω']",- night,https://www.perseus.tufts.edu/hopper/text?doc=Perseus:text:1999.04.0057:entry=e)gkoimh/twr,
ναυτοκράτωρ,[],,https://www.perseus.tufts.edu/hopper/text?doc=Perseus:text:1999.04.0057:entry=nautokra/twr,noun
τριουμβουράτωρ,[],,,
μετάτωρ,[],,,
πνικτήρ,['πνίγω'],- choking,https://www.perseus.tufts.edu/hopper/text?doc=Perseus:text:1999.04.0057:entry=pnikth/r,noun
πατήρ,[],"- pitṛ[snull ]u; father
- father, author
- pater patriae",https://www.perseus.tufts.edu/hopper/text?doc=Perseus:text:1999.04.0057:entry=path/r,noun
ἀμάτωρ,[],,https://www.perseus.tufts.edu/hopper/text?doc=Perseus:text:1999.04.0057:entry=a)ma/twr,
βουλευτήρ,['βουλεύω'],,https://www.perseus.tufts.edu/hopper/text?doc=Perseus:text:1999.04.0057:entry=bouleuth/r,noun
καμινευτήρ,['καμινεύω'],- of a smith's bellows,https://www.perseus.tufts.edu/hopper/text?doc=Perseus:text:1999.04.0057:entry=kamineuth/r,noun
γραπτήρ,['γράφω'],- writer,https://www.perseus.tufts.edu/hopper/text?doc=Perseus:text:1999.04.0057:entry=grapth/r,noun
διορθωτήρ,"['διά', 'ὀρθός']",,https://www.perseus.tufts.edu/hopper/text?doc=Perseus:text:1999.04.0057:entry=diorqwth/r,noun
φαιρωτήρ,[],,,
κάστωρ,[],"- beaver, Castor fiber",https://www.perseus.tufts.edu/hopper/text?doc=Perseus:text:1999.04.0057:entry=ka/stwr,noun
στηθιστήρ,['στῆθος'],- poitrel,https://www.perseus.tufts.edu/hopper/text?doc=Perseus:text:1999.04.0057:entry=sthqisth/r,noun
βοοδμητήρ,"['βοῦς', 'δμητήρ']",,,
ἰθυντήρ,['ἰθύνω'],"- guide, pilot; shepherd; ruler",https://www.perseus.tufts.edu/hopper/text?doc=Perseus:text:1999.04.0057:entry=i)qunth/r,noun
ἐριγάστωρ,"['ἐρι', 'γαστήρ']",- pot-bellied,https://www.perseus.tufts.edu/hopper/text?doc=Perseus:text:1999.04.0057:entry=e)riga/stwr,noun
ὀπτήρ,[],"- one who looks; spies, spy, scout
- one who has seen; eye-witness",https://www.perseus.tufts.edu/hopper/text?doc=Perseus:text:1999.04.0057:entry=o)pth/r,noun
ποδανιπτήρ,"['πούς', 'νίπτω']","- vessel for washing the feet in, footpan",https://www.perseus.tufts.edu/hopper/text?doc=Perseus:text:1999.04.0057:entry=podanipth/r,noun
φιλομήτηρ,"['φίλος', 'μήτηρ']",,https://www.perseus.tufts.edu/hopper/text?doc=Perseus:text:1999.04.0057:entry=filomh/thr,
τρυπητήρ,['τρυπάω'],- pierced vessel,https://www.perseus.tufts.edu/hopper/text?doc=Perseus:text:1999.04.0057:entry=truphth/r,noun
κοινομήτωρ,"['κοινός', 'μήτηρ']",- having a common mother,https://www.perseus.tufts.edu/hopper/text?doc=Perseus:text:1999.04.0057:entry=koinomh/twr,noun
τιθασεύτωρ,['τιθασεύω'],,https://www.perseus.tufts.edu/hopper/text?doc=Perseus:text:1999.04.0057:entry=tiqaseu/twr,noun
καταστρωτήρ,"['κατά', 'στρώννυμι']",- pavement-slab,https://www.perseus.tufts.edu/hopper/text?doc=Perseus:text:1999.04.0057:entry=katastrwth/r,noun
χορηγητήρ,['χορηγέω'],,,
τροπωτήρ,[],,https://www.perseus.tufts.edu/hopper/text?doc=Perseus:text:1999.04.0057:entry=tropwth/r,noun
ὁσιωτήρ,['ὁσιόω'],- consecrator; the victim offered when one of the priests called,https://www.perseus.tufts.edu/hopper/text?doc=Perseus:text:1999.04.0057:entry=o(siwth/r,noun
βρογχωτήρ,['βρόγχος'],- neck-hole in a garment,https://www.perseus.tufts.edu/hopper/text?doc=Perseus:text:1999.04.0057:entry=brogxwth/r,noun
ἀτιμαστήρ,['ἀτιμάζω'],- dishonourer,https://www.perseus.tufts.edu/hopper/text?doc=Perseus:text:1999.04.0057:entry=a)timasth/r,noun
μελπήτωρ,['μέλπω'],- singer,https://www.perseus.tufts.edu/hopper/text?doc=Perseus:text:1999.04.0057:entry=melph/twr,noun
ἀροτήρ,['ἀρόω'],"- plougher, husbandman
- begetter, father",https://www.perseus.tufts.edu/hopper/text?doc=Perseus:text:1999.04.0057:entry=a)roth/r,noun
προπράτωρ,[],,,noun
ζῳδιοκράτωρ,"['ζῴδιον', 'κρατέω']",- divinity presiding over the zodiac,https://www.perseus.tufts.edu/hopper/text?doc=Perseus:text:1999.04.0057:entry=zw|diokra/twr,noun
θοινήτωρ,[],,https://www.perseus.tufts.edu/hopper/text?doc=Perseus:text:1999.04.0057:entry=qoinh/twr,noun
ἀμήτωρ,['μήτηρ'],"- motherless
- that is no mother, unmotherly; childless",https://www.perseus.tufts.edu/hopper/text?doc=Perseus:text:1999.04.0057:entry=a)mh/twr,noun
λικμήτωρ,[],,https://www.perseus.tufts.edu/hopper/text?doc=Perseus:text:1999.04.0057:entry=likmh/twr,noun
φυσητήρ,['φυσάω'],"- instrument for blowing, blowpipe; tube
- one who blows a pipe; bellows",https://www.perseus.tufts.edu/hopper/text?doc=Perseus:text:1999.04.0057:entry=fushth/r,noun
στρωτήρ,['στρώννυμι'],- rafter laid upon; cross-beam,https://www.perseus.tufts.edu/hopper/text?doc=Perseus:text:1999.04.0057:entry=strwth/r,noun
Ἀλάστωρ,[],,,noun
χαρακτήρ,['χαράσσω'],"- engraver; one who mints coins
- mark engraved, impress, stamp; coin type, standard",https://www.perseus.tufts.edu/hopper/text?doc=Perseus:text:1999.04.0057:entry=xarakth/r,noun
νεικεστήρ,['νεικέω'],- wrangler; one who wrangles with,https://www.perseus.tufts.edu/hopper/text?doc=Perseus:text:1999.04.0057:entry=neikesth/r,noun
ἀδελφοπάτηρ,"['ἀδελφός', 'πατήρ']",,,
προσίκτωρ,"['πρός', 'ἱκνέομαι']","- one that comes to a temple, suppliant
- he to whom one comes as a suppliant, protector",https://www.perseus.tufts.edu/hopper/text?doc=Perseus:text:1999.04.0057:entry=prosi/ktwr,noun
αἰνικτήρ,['αἰνίσσω'],- one who speaks darkly,https://www.perseus.tufts.edu/hopper/text?doc=Perseus:text:1999.04.0057:entry=ai)nikth/r,noun
πλατυγάστωρ,"['πλατύς', 'γαστήρ']",- flat-bellied,https://www.perseus.tufts.edu/hopper/text?doc=Perseus:text:1999.04.0057:entry=platuga/stwr,noun
ἀλοιητήρ,['ἀλοάω'],"- thresher, grinder",https://www.perseus.tufts.edu/hopper/text?doc=Perseus:text:1999.04.0057:entry=a)loihth/r,noun
κρατήτωρ,['κρατέω'],,https://www.perseus.tufts.edu/hopper/text?doc=Perseus:text:1999.04.0057:entry=krath/twr,noun
προφήτωρ,[],,https://www.perseus.tufts.edu/hopper/text?doc=Perseus:text:1999.04.0057:entry=profh/twr,noun
Ἡγήτωρ,[],,,noun
μαστήρ,['μαίομαι'],"- seeker, searcher",https://www.perseus.tufts.edu/hopper/text?doc=Perseus:text:1999.04.0057:entry=masth/r,noun
καρανιστήρ,['κάρηνον'],"- beheading, touching the head",https://www.perseus.tufts.edu/hopper/text?doc=Perseus:text:1999.04.0057:entry=karanisth/r,noun
κρητήρ,[],,https://www.perseus.tufts.edu/hopper/text?doc=Perseus:text:1999.04.0057:entry=krhth/r,noun
τοξευτήρ,['τοξεύω'],"- Centaur
- a species of wolf",https://www.perseus.tufts.edu/hopper/text?doc=Perseus:text:1999.04.0057:entry=toceuth/r,noun
συμπράκτωρ,"['σύν', 'πράσσω']","- helper, assistant",https://www.perseus.tufts.edu/hopper/text?doc=Perseus:text:1999.04.0057:entry=sumpra/ktwr,noun
ὑμνητήρ,['ὑμνέω'],,https://www.perseus.tufts.edu/hopper/text?doc=Perseus:text:1999.04.0057:entry=u(mnhth/r,noun
μεσσωτήρ,['μέσ σ ος'],,,
Πολυμνήστωρ,[],,,noun
αἰσχυντήρ,['αἰσχύνω'],- dishonourer,https://www.perseus.tufts.edu/hopper/text?doc=Perseus:text:1999.04.0057:entry=ai)sxunth/r,noun
δουπήτωρ,['δουπέω'],- clattering,https://www.perseus.tufts.edu/hopper/text?doc=Perseus:text:1999.04.0057:entry=douph/twr,noun
συνεπακτήρ,"['σύν', 'ἐπί', 'ἄγω']",- fellow-huntsman,https://www.perseus.tufts.edu/hopper/text?doc=Perseus:text:1999.04.0057:entry=sunepakth/r,noun
προπατήρ,[],,https://www.perseus.tufts.edu/hopper/text?doc=Perseus:text:1999.04.0057:entry=propath/r,
μαλατήρ,[],,,
κοσμήτωρ,['κοσμέω'],"- one who marshals an army, commander, leader; guide, director",https://www.perseus.tufts.edu/hopper/text?doc=Perseus:text:1999.04.0057:entry=kosmh/twr,noun
ἀλεξητήρ,['ἀλέξω'],,,noun
μιμήτωρ,['μιμέομαι'],,https://www.perseus.tufts.edu/hopper/text?doc=Perseus:text:1999.04.0057:entry=mimh/twr,noun
παρθενομήτωρ,"['παρθένος', 'μήτηρ']",,,
μεγαλομήτηρ,"['μέγας', 'μήτηρ']",,https://www.perseus.tufts.edu/hopper/text?doc=Perseus:text:1999.04.0057:entry=megalomh/thr,
διάκτωρ,[],,https://www.perseus.tufts.edu/hopper/text?doc=Perseus:text:1999.04.0057:entry=dia/ktwr,noun
ξυνοδοτήρ,"['ξυνός', 'δίδωμι']",,,noun
κοινοπάτωρ,"['κοινός', 'πατήρ']",,,
γεννητήρ,['γεννάω'],,https://www.perseus.tufts.edu/hopper/text?doc=Perseus:text:1999.04.0057:entry=gennhth/r,noun
κατασχαστήρ,"['κατά', 'σχάζω']",,https://www.perseus.tufts.edu/hopper/text?doc=Perseus:text:1999.04.0057:entry=katasxasth/r,noun
ποινητήρ,['ποινάω'],- avenger,https://www.perseus.tufts.edu/hopper/text?doc=Perseus:text:1999.04.0057:entry=poinhth/r,noun
Θέστωρ,[],,,noun
ποινάτωρ,['ποινή'],"- avenger, punisher",https://www.perseus.tufts.edu/hopper/text?doc=Perseus:text:1999.04.0057:entry=poina/twr,noun
ἐφεδριστήρ,['ἐφεδρίζω'],- one who plays the game,https://www.perseus.tufts.edu/hopper/text?doc=Perseus:text:1999.04.0057:entry=e)fedristh/r,noun
ἀντιλήπτωρ,"['ἀντί', 'λαμβάνω']","- helper, protector",https://www.perseus.tufts.edu/hopper/text?doc=Perseus:text:1999.04.0057:entry=a)ntilh/ptwr,noun
δεριστήρ,['δέρη'],- horse-collar,https://www.perseus.tufts.edu/hopper/text?doc=Perseus:text:1999.04.0057:entry=deristh/r,noun
ὑποκριτήρ,"['ὑπό', 'κρίνω']",,https://www.perseus.tufts.edu/hopper/text?doc=Perseus:text:1999.04.0057:entry=u(pokrith/r,noun
Κλείτωρ,[],,,noun
κλιντήρ,['κλίνω'],- couch,https://www.perseus.tufts.edu/hopper/text?doc=Perseus:text:1999.04.0057:entry=klinth/r,noun
σιδηρομήτωρ,"['σίδηρος', 'μήτηρ']",- mother of iron,https://www.perseus.tufts.edu/hopper/text?doc=Perseus:text:1999.04.0057:entry=sidhromh/twr,noun
ληιβοτήρ,[],,,noun
πολυάστηρ,[],,,
ταυροπάτωρ,"['ταῦρος', 'πατήρ']",- sprung from a bull,https://www.perseus.tufts.edu/hopper/text?doc=Perseus:text:1999.04.0057:entry=tauropa/twr,noun
συνδοτήρ,"['σύν', 'δίδωμι']",,,
Ἀμήτωρ,[],,,noun
Λακητήρ,[],,,noun
δαμαντήρ,[],- tamer,https://www.perseus.tufts.edu/hopper/text?doc=Perseus:text:1999.04.0057:entry=damanth/r,noun
τελέστωρ,['τελέω'],,https://www.perseus.tufts.edu/hopper/text?doc=Perseus:text:1999.04.0057:entry=tele/stwr,noun
διμάτωρ,[],,,
ἀλάστωρ,[],"- avenging spirit; deity
- he who does deeds which merit vengeance, wretch",https://www.perseus.tufts.edu/hopper/text?doc=Perseus:text:1999.04.0057:entry=a)la/stwr,noun
δυνάστωρ,[],,https://www.perseus.tufts.edu/hopper/text?doc=Perseus:text:1999.04.0057:entry=duna/stwr,noun
ἀναληπτήρ,"['ἀνά', 'λαμβάνω']",- bucket; ladle; bowl,https://www.perseus.tufts.edu/hopper/text?doc=Perseus:text:1999.04.0057:entry=a)nalhpth/r,noun
παρακλίντωρ,"['παρά', 'κλίνω']",,https://www.perseus.tufts.edu/hopper/text?doc=Perseus:text:1999.04.0057:entry=parakli/ntwr,noun
κολυμβητήρ,['κολυμβάω'],,https://www.perseus.tufts.edu/hopper/text?doc=Perseus:text:1999.04.0057:entry=kolumbhth/r,noun
εὑρήτωρ,[],,https://www.perseus.tufts.edu/hopper/text?doc=Perseus:text:1999.04.0057:entry=eu(rh/twr,noun
κυβερνατήρ,[],,,noun
συγκτήτωρ,"['σύν', 'κτάομαι']",- joint-possessor,https://www.perseus.tufts.edu/hopper/text?doc=Perseus:text:1999.04.0057:entry=sugkth/twr,noun
ὑπερασπιστήρ,"['ὑπέρ', 'ἀσπίς']",,,
διαγγελτήρ,"['διά', 'ἀγγέλλω']",,,
διευθυντήρ,"['διά', 'εὐθύνω']","- pilot, governor",https://www.perseus.tufts.edu/hopper/text?doc=Perseus:text:1999.04.0057:entry=dieuqunth/r,noun
θρεπτήτωρ,['τρέφω'],"- nourisher, feeder",https://www.perseus.tufts.edu/hopper/text?doc=Perseus:text:1999.04.0057:entry=qrepth/twr,noun
λωβητήρ,['λωβάω'],"- foul slanderer; destroyer
- worthless wretch",https://www.perseus.tufts.edu/hopper/text?doc=Perseus:text:1999.04.0057:entry=lwbhth/r,noun
Γανύκτωρ,[],,,noun
συρμιστήρ,[],- one who sells shavings; for firing,https://www.perseus.tufts.edu/hopper/text?doc=Perseus:text:1999.04.0057:entry=surmisth/r,noun
κακοήτωρ,"['κακός', 'ἦτορ']",,,
ἀίστωρ,['ἴστωρ'],,,noun
στεγαστήρ,['στεγάζω'],- coverer; tile,https://www.perseus.tufts.edu/hopper/text?doc=Perseus:text:1999.04.0057:entry=stegasth/r,noun
ὀνειδιστήρ,['ὀνειδίζω'],- abusive,https://www.perseus.tufts.edu/hopper/text?doc=Perseus:text:1999.04.0057:entry=o)neidisth/r,noun
πολυμνήστωρ,[],,https://www.perseus.tufts.edu/hopper/text?doc=Perseus:text:1999.04.0057:entry=polumnh/stwr,
ἐντεσιμήστωρ,"['ἔντος', 'μήστωρ']",- skilled in arms,https://www.perseus.tufts.edu/hopper/text?doc=Perseus:text:1999.04.0057:entry=e)ntesimh/stwr,noun
δευτήρ,['δεύω'],"- kettle, cauldron",https://www.perseus.tufts.edu/hopper/text?doc=Perseus:text:1999.04.0057:entry=deuth/r,noun
θηράτωρ,['θηράω'],,https://www.perseus.tufts.edu/hopper/text?doc=Perseus:text:1999.04.0057:entry=qhra/twr,noun
θηρατήρ,['θηράω'],,https://www.perseus.tufts.edu/hopper/text?doc=Perseus:text:1999.04.0057:entry=qhrath/r,noun
παγκράτωρ,"['πᾶς', 'κράτος']",- all-powerful,https://www.perseus.tufts.edu/hopper/text?doc=Perseus:text:1999.04.0057:entry=pagkra/twr,noun
ὀπτευτήρ,['ὀπτάω'],- forger,https://www.perseus.tufts.edu/hopper/text?doc=Perseus:text:1999.04.0057:entry=o)pteuth/r,noun
διζήτωρ,['δίζημαι'],,,
ῥαιστήρ,['ῥαίω'],- smasher; hammer,https://www.perseus.tufts.edu/hopper/text?doc=Perseus:text:1999.04.0057:entry=r(aisth/r,noun
προδέκτωρ,"['πρό', 'δείκνυμι']",- foreshower,https://www.perseus.tufts.edu/hopper/text?doc=Perseus:text:1999.04.0057:entry=prode/ktwr,noun
προπάτωρ,"['πρό', 'πατήρ']","- first founder of a family, forefather; ancestor; primal god; PMag. Leid.V; ancestors, forefathers; founders, inventors",https://www.perseus.tufts.edu/hopper/text?doc=Perseus:text:1999.04.0057:entry=propa/twr,noun
ὀπηδητήρ,['ὀπηδέω'],,https://www.perseus.tufts.edu/hopper/text?doc=Perseus:text:1999.04.0057:entry=o)phdhth/r,
ἀποτακτήρ,"['ἀπό', 'τάσσω']","- anchorite, hermit",https://www.perseus.tufts.edu/hopper/text?doc=Perseus:text:1999.04.0057:entry=a)potakth/r,noun
δρηστήρ,['διδράσκω'],"- labourer, working man
- runaway",https://www.perseus.tufts.edu/hopper/text?doc=Perseus:text:1999.04.0057:entry=drhsth/r,noun
ἀλεξήτωρ,['ἀλέξω'],,https://www.perseus.tufts.edu/hopper/text?doc=Perseus:text:1999.04.0057:entry=a)lech/twr,noun
λυμαντήρ,['λυμαίνω'],"- spoiler, destroyer",https://www.perseus.tufts.edu/hopper/text?doc=Perseus:text:1999.04.0057:entry=lumanth/r,noun
βουκινάτωρ,['βούκινον'],,,
βαπτιστήρ,['βαπτίζω'],,,
λωβήτωρ,['λωβάω'],,https://www.perseus.tufts.edu/hopper/text?doc=Perseus:text:1999.04.0057:entry=lwbh/twr,noun
νωμήτωρ,['νωμάω'],"- one who distributes
- one who guides, moves",https://www.perseus.tufts.edu/hopper/text?doc=Perseus:text:1999.04.0057:entry=nwmh/twr,noun
πολυπρήκτωρ,[],,,
ἐπαμβατήρ,"['ἐπί', 'ἀνά', 'βαίνω']","- one who mounts upon, assailant",https://www.perseus.tufts.edu/hopper/text?doc=Perseus:text:1999.04.0057:entry=e)pambath/r,noun
σεκούτωρ,[],,,
Ἀρέστωρ,[],,,noun
τιθηνευτήρ,['τιθηνέω'],,,
δοριμήστωρ,"['δόρυ', 'μήστωρ']",- master of the spear,https://www.perseus.tufts.edu/hopper/text?doc=Perseus:text:1999.04.0057:entry=dorimh/stwr,noun
ὠμηστήρ,"['ὠμός', 'ἔδω']",,https://www.perseus.tufts.edu/hopper/text?doc=Perseus:text:1999.04.0057:entry=w)mhsth/r,noun
ἀντλητήρ,['ἀντλέω'],"- one who drawswater
- ladle",https://www.perseus.tufts.edu/hopper/text?doc=Perseus:text:1999.04.0057:entry=a)ntlhth/r,noun
σιτολογοπράκτωρ,"['σῖτος', 'λέγω', 'πράκτωρ']",- collector of dues for,https://www.perseus.tufts.edu/hopper/text?doc=Perseus:text:1999.04.0057:entry=sitologopra/ktwr,noun
ἰχθυσιληϊστήρ,"['ἰχθῦς', 'ληϊστήρ']",,,noun
γλυπτήρ,['γλύφω'],"- graving tool, chisel",https://www.perseus.tufts.edu/hopper/text?doc=Perseus:text:1999.04.0057:entry=glupth/r,noun
ἀμητήρ,['ἀμάω'],- reaper,https://www.perseus.tufts.edu/hopper/text?doc=Perseus:text:1999.04.0057:entry=a)mhth/r,noun
ἐπιβήτωρ,"['ἐπί', 'βαίνω']","- one who mounts
- springing",https://www.perseus.tufts.edu/hopper/text?doc=Perseus:text:1999.04.0057:entry=e)pibh/twr,noun
μαίστωρ,[],,,
δέκτωρ,['δέχομαι'],- one who takes upon himself; on his own head,https://www.perseus.tufts.edu/hopper/text?doc=Perseus:text:1999.04.0057:entry=de/ktwr,noun
ἡγήτωρ,['ἡγέομαι'],"- f; leader, commander, chief",https://www.perseus.tufts.edu/hopper/text?doc=Perseus:text:1999.04.0057:entry=h(gh/twr,noun
θεομήστωρ,"['θεός', 'μήδομαι']","- like the gods in counsel
- devised by God",https://www.perseus.tufts.edu/hopper/text?doc=Perseus:text:1999.04.0057:entry=qeomh/stwr,noun
τευκτήρ,['τεύχω'],- maker,https://www.perseus.tufts.edu/hopper/text?doc=Perseus:text:1999.04.0057:entry=teukth/r,noun
βακχεύτωρ,['βακχεύω'],,,noun
Καλήτωρ,[],,,noun
ἰκριωτήρ,['ἴκριον'],"- upright
- joists",https://www.perseus.tufts.edu/hopper/text?doc=Perseus:text:1999.04.0057:entry=i)kriwth/r,noun
ἐπαγγελτήρ,"['ἐπί', 'ἀγγέλλω']",- envoy who announces a festival,https://www.perseus.tufts.edu/hopper/text?doc=Perseus:text:1999.04.0057:entry=e)paggelth/r,noun
ἕστωρ,[],- peg at the end of the pole,https://www.perseus.tufts.edu/hopper/text?doc=Perseus:text:1999.04.0057:entry=e(/stwr,noun
ἀθλητήρ,['ἀθλέω'],,https://www.perseus.tufts.edu/hopper/text?doc=Perseus:text:1999.04.0057:entry=a)qlhth/r,noun
συριστήρ,['συρίζω'],,,
ὀλετήρ,['ὄλλυμι'],"- destroyer, murderer",https://www.perseus.tufts.edu/hopper/text?doc=Perseus:text:1999.04.0057:entry=o)leth/r,noun
ἵκτωρ,[],,https://www.perseus.tufts.edu/hopper/text?doc=Perseus:text:1999.04.0057:entry=i(/ktwr,noun
μητάτωρ,[],,,
αἰνοπάτηρ,"['αἰνός', 'πατήρ']",- unhappy father,https://www.perseus.tufts.edu/hopper/text?doc=Perseus:text:1999.04.0057:entry=ai)nopa/thr,
ἐγγλωττογάστωρ,"['ἐν', 'γλῶττα', 'γαστήρ']",,https://www.perseus.tufts.edu/hopper/text?doc=Perseus:text:1999.04.0057:entry=e)gglwttoga/stwr,noun
κοροράτωρ,[],,,
παναλάστωρ,"['πᾶς', 'ἀλάστωρ']",,https://www.perseus.tufts.edu/hopper/text?doc=Perseus:text:1999.04.0057:entry=panala/stwr,noun
προβλήτωρ,"['πρό', 'βάλλω']",- producer,https://www.perseus.tufts.edu/hopper/text?doc=Perseus:text:1999.04.0057:entry=problh/twr,noun
πενθητήρ,['πενθέω'],- mourner; she who mourns for,https://www.perseus.tufts.edu/hopper/text?doc=Perseus:text:1999.04.0057:entry=penqhth/r,noun
δώτωρ,[],- giver,https://www.perseus.tufts.edu/hopper/text?doc=Perseus:text:1999.04.0057:entry=dw/twr,noun
βραχιονιστήρ,['βραχίων'],- armlet,https://www.perseus.tufts.edu/hopper/text?doc=Perseus:text:1999.04.0057:entry=braxionisth/r,noun
ληΐστωρ,['ληΐζομαι'],,,noun
πλαγκτήρ,['πλάζω'],"- he that leads astray, the beguiler; the roamer",https://www.perseus.tufts.edu/hopper/text?doc=Perseus:text:1999.04.0057:entry=plagkth/r,noun
γνωστήρ,['γιγνώσκω'],- one that knows: surety; witness to identity,https://www.perseus.tufts.edu/hopper/text?doc=Perseus:text:1999.04.0057:entry=gnwsth/r,noun
περονητήρ,[],"- buckle, brooch",https://www.perseus.tufts.edu/hopper/text?doc=Perseus:text:1999.04.0057:entry=peronhth/r,noun
ἀντλιαντλητήρ,"['ἀντλίον', 'ἀντλητήρ']",- bucket,https://www.perseus.tufts.edu/hopper/text?doc=Perseus:text:1999.04.0057:entry=a)ntliantlhth/r,noun
νικατήρ,['νικάω'],,https://www.perseus.tufts.edu/hopper/text?doc=Perseus:text:1999.04.0057:entry=nikath/r,noun
κυέστωρ,[],,,
Ὀνήτωρ,[],,,noun
στράτωρ,[],"- strator, groom",https://www.perseus.tufts.edu/hopper/text?doc=Perseus:text:1999.04.0057:entry=stra/twr,
φρήτωρ,[],,https://www.perseus.tufts.edu/hopper/text?doc=Perseus:text:1999.04.0057:entry=frh/twr,
ἀφεστήρ,"['ἀπό', 'ἵστημι']",- president of the,https://www.perseus.tufts.edu/hopper/text?doc=Perseus:text:1999.04.0057:entry=a)festh/r,noun
τιμωρητήρ,['τιμωρέω'],- avenger,https://www.perseus.tufts.edu/hopper/text?doc=Perseus:text:1999.04.0057:entry=timwrhth/r,noun
θυγάτηρ,[],"- maidservant, slave; duhitár-; daughter",https://www.perseus.tufts.edu/hopper/text?doc=Perseus:text:1999.04.0057:entry=quga/thr,noun
κερατήρ,[],,https://www.perseus.tufts.edu/hopper/text?doc=Perseus:text:1999.04.0057:entry=kerath/r,noun
ῥαντήρ,['ῥαίνω'],"- one who wets; the inner corner of the eye
- sprinkler",https://www.perseus.tufts.edu/hopper/text?doc=Perseus:text:1999.04.0057:entry=r(anth/r,noun
ἐκδέκτωρ,"['ἐκ', 'δέχομαι']",- one who takes from another,https://www.perseus.tufts.edu/hopper/text?doc=Perseus:text:1999.04.0057:entry=e)kde/ktwr,noun
ἐπιίστωρ,"['ἐπί', 'ἴστωρ']",- privy to,https://www.perseus.tufts.edu/hopper/text?doc=Perseus:text:1999.04.0057:entry=e)pii/stwr,noun
φοιτητήρ,['φοιτάω'],- in her train,https://www.perseus.tufts.edu/hopper/text?doc=Perseus:text:1999.04.0057:entry=foithth/r,noun
πατροδότωρ,"['πατήρ', 'δίδωμι']",,,
στῆρ,[],,https://www.perseus.tufts.edu/hopper/text?doc=Perseus:text:1999.04.0057:entry=sth=r,noun
δυσμήτηρ,"['δυσ', 'μήτηρ']",- yet no mother,https://www.perseus.tufts.edu/hopper/text?doc=Perseus:text:1999.04.0057:entry=dusmh/thr,noun
σφραγιστήρ,['σφραγίζω'],"- sealer; sealring, signet",https://www.perseus.tufts.edu/hopper/text?doc=Perseus:text:1999.04.0057:entry=sfragisth/r,noun
τραπεζορήτωρ,"['τετρα', 'πούς', 'ῥήτωρ']",- table-talker,https://www.perseus.tufts.edu/hopper/text?doc=Perseus:text:1999.04.0057:entry=trapezorh/twr,noun
ἠθητήρ,[],,https://www.perseus.tufts.edu/hopper/text?doc=Perseus:text:1999.04.0057:entry=h)qhth/r,noun
ἐπαμύντωρ,"['ἐπί', 'ἀμύνω']","- helper, defender",https://www.perseus.tufts.edu/hopper/text?doc=Perseus:text:1999.04.0057:entry=e)pamu/ntwr,noun
Μάστωρ,[],,,noun
κλυστήρ,['κλύζω'],"- clyster-pipe, syringe",https://www.perseus.tufts.edu/hopper/text?doc=Perseus:text:1999.04.0057:entry=klusth/r,noun
προηγήτωρ,[],- leader,https://www.perseus.tufts.edu/hopper/text?doc=Perseus:text:1999.04.0057:entry=prohgh/twr,noun
λιτιγάτωρ,[],,,
φιλομήτωρ,"['φίλος', 'μήτηρ']",- loving one's mother,https://www.perseus.tufts.edu/hopper/text?doc=Perseus:text:1999.04.0057:entry=filomh/twr,noun
κυήτωρ,['κυέω'],,,
ἁρπακτήρ,['ἁρπάζω'],- robber,https://www.perseus.tufts.edu/hopper/text?doc=Perseus:text:1999.04.0057:entry=a(rpakth/r,noun
ἐπανοίκτωρ,"['ἐπί', 'ἀνά', 'οἴγω']",- one who bursts open,https://www.perseus.tufts.edu/hopper/text?doc=Perseus:text:1999.04.0057:entry=e)panoi/ktwr,noun
σωτήρ,['σῴζω'],"- saviour, deliverer",https://www.perseus.tufts.edu/hopper/text?doc=Perseus:text:1999.04.0057:entry=swth/r,noun
ἐπιτιμητήρ,['ἐπιτιμάω'],,https://www.perseus.tufts.edu/hopper/text?doc=Perseus:text:1999.04.0057:entry=e)pitimhth/r,noun
κηδέστωρ,['κηδεστής'],,https://www.perseus.tufts.edu/hopper/text?doc=Perseus:text:1999.04.0057:entry=khde/stwr,noun
μακιστήρ,[],- long and tedious,https://www.perseus.tufts.edu/hopper/text?doc=Perseus:text:1999.04.0057:entry=makisth/r,noun
ἁλιήτωρ,['ἁλιεύς'],,https://www.perseus.tufts.edu/hopper/text?doc=Perseus:text:1999.04.0057:entry=a(lih/twr,
ποινήτωρ,[],- avenging,https://www.perseus.tufts.edu/hopper/text?doc=Perseus:text:1999.04.0057:entry=poinh/twr,noun
ψευστήρ,['ψεύδω'],,https://www.perseus.tufts.edu/hopper/text?doc=Perseus:text:1999.04.0057:entry=yeusth/r,noun
ἐξαπατητήρ,['ἐξαπατάω'],- deceiver,https://www.perseus.tufts.edu/hopper/text?doc=Perseus:text:1999.04.0057:entry=e)capathth/r,noun
κλιμακτήρ,['κλῖμαξ'],"- rung of a ladder
- critical point in human life; danger",https://www.perseus.tufts.edu/hopper/text?doc=Perseus:text:1999.04.0057:entry=klimakth/r,noun
Ἄκτωρ,[],,,noun
ἀσπιστήρ,['ἀσπίς'],,https://www.perseus.tufts.edu/hopper/text?doc=Perseus:text:1999.04.0057:entry=a)spisth/r,noun
συμπρατήρ,"['σύν', 'πιπράσκω']",,,noun
πατροπάτωρ,"['πατήρ', 'πατήρ']",- father's father,https://www.perseus.tufts.edu/hopper/text?doc=Perseus:text:1999.04.0057:entry=patropa/twr,noun
ἀροτρευτήρ,['ἀροτρεύω'],,https://www.perseus.tufts.edu/hopper/text?doc=Perseus:text:1999.04.0057:entry=a)rotreuth/r,noun
κορσωτήρ,['κορσόω'],- barber; Fr.anon,https://www.perseus.tufts.edu/hopper/text?doc=Perseus:text:1999.04.0057:entry=korswth/r,noun
ἐλαϊστήρ,['ἐλαία'],,,noun
παμμήτωρ,"['πᾶς', 'μήτηρ']","- mother of all
- a very mother",https://www.perseus.tufts.edu/hopper/text?doc=Perseus:text:1999.04.0057:entry=pammh/twr,noun
οὐρητήρ,['οὐρέω'],"- Aër
- the ducts which convey the urine from the kidneys into the bladder",https://www.perseus.tufts.edu/hopper/text?doc=Perseus:text:1999.04.0057:entry=ou)rhth/r,noun
λικμητήρ,['λικμάω'],- winnower,https://www.perseus.tufts.edu/hopper/text?doc=Perseus:text:1999.04.0057:entry=likmhth/r,noun
διαβλήτωρ,"['διά', 'βάλλω']",- slanderer,https://www.perseus.tufts.edu/hopper/text?doc=Perseus:text:1999.04.0057:entry=diablh/twr,noun
ζηλοδοτήρ,"['ζῆλος', 'δοτήρ']",,,noun
ἀρτήρ,['αἴρω'],"- felt shoe
- that by which anything is carried",https://www.perseus.tufts.edu/hopper/text?doc=Perseus:text:1999.04.0057:entry=a)rth/r,noun
ἱππευτήρ,['ἱππεύω'],,https://www.perseus.tufts.edu/hopper/text?doc=Perseus:text:1999.04.0057:entry=i(ppeuth/r,noun
αὐτογεννήτωρ,"['αὐτός', 'γεννάω']",,,
καλήτωρ,['καλέω'],- crier,https://www.perseus.tufts.edu/hopper/text?doc=Perseus:text:1999.04.0057:entry=kalh/twr,noun
ὀπιπευτήρ,['ὀπιπεύω'],"- starer, gaper",https://www.perseus.tufts.edu/hopper/text?doc=Perseus:text:1999.04.0057:entry=o)pipeuth/r,noun
παμβώτωρ,"['πᾶς', 'βόσκω']",,https://www.perseus.tufts.edu/hopper/text?doc=Perseus:text:1999.04.0057:entry=pambw/twr,noun
μεσογάστωρ,"['μέσος', 'γαστήρ']",- one who is amidships; girt about the waist,https://www.perseus.tufts.edu/hopper/text?doc=Perseus:text:1999.04.0057:entry=mesoga/stwr,noun
πλωτήρ,['πλώω'],,,noun
αγωνιστήρ,['ἀγωνίζομαι'],,,
ἰχθυοθηρητήρ,"['ἰχθῦς', 'θήρ']",,https://www.perseus.tufts.edu/hopper/text?doc=Perseus:text:1999.04.0057:entry=i)xquoqhrhth/r,noun
νύκτωρ,['νύξ'],- by night,https://www.perseus.tufts.edu/hopper/text?doc=Perseus:text:1999.04.0057:entry=nu/ktwr,adverb
συνακτήρ,"['σύν', 'ἄγω']","- that which draws together, pair of drawers",https://www.perseus.tufts.edu/hopper/text?doc=Perseus:text:1999.04.0057:entry=sunakth/r,noun
αὐχενιστήρ,['αὐχήν'],- ligature for neck,https://www.perseus.tufts.edu/hopper/text?doc=Perseus:text:1999.04.0057:entry=au)xenisth/r,noun
ἀσκητήρ,['ἀσκέω'],,https://www.perseus.tufts.edu/hopper/text?doc=Perseus:text:1999.04.0057:entry=a)skhth/r,noun
κλήτωρ,['καλέω'],,https://www.perseus.tufts.edu/hopper/text?doc=Perseus:text:1999.04.0057:entry=klh/twr,noun
μεταλλευτήρ,['μεταλλεύω'],,,
ἄκτωρ,['ἄγω'],"- leader
- leash",https://www.perseus.tufts.edu/hopper/text?doc=Perseus:text:1999.04.0057:entry=a)/ktwr,noun
ἀφετήρ,"['ἀπό', 'ἵημι']",- starting-point,https://www.perseus.tufts.edu/hopper/text?doc=Perseus:text:1999.04.0057:entry=a)feth/r,noun
ῥοιζήτωρ,['ῥοιζέω'],- one who moves with a rushing sound,https://www.perseus.tufts.edu/hopper/text?doc=Perseus:text:1999.04.0057:entry=r(oizh/twr,noun
ληϊστήρ,[],,,noun
κακομήστωρ,"['κακός', 'μήδομαι']",,https://www.perseus.tufts.edu/hopper/text?doc=Perseus:text:1999.04.0057:entry=kakomh/stwr,
χιλωτήρ,['χιλόω'],- nose-bag for cattle; horses,https://www.perseus.tufts.edu/hopper/text?doc=Perseus:text:1999.04.0057:entry=xilwth/r,noun
διδακτήρ,['διδάσκω'],- ox-goad,https://www.perseus.tufts.edu/hopper/text?doc=Perseus:text:1999.04.0057:entry=didakth/r,noun
ξιφιστήρ,['ξιφίζω'],"- sword-belt, PCair. Zen",https://www.perseus.tufts.edu/hopper/text?doc=Perseus:text:1999.04.0057:entry=cifisth/r,noun
παλινδωμήτωρ,"['πάλιν', 'δῶμα']",,,
ποδονιπτήρ,[],,https://www.perseus.tufts.edu/hopper/text?doc=Perseus:text:1999.04.0057:entry=podonipth/r,
χρυσοστέπτωρ,"['χρυσός', 'στέπτω']",,https://www.perseus.tufts.edu/hopper/text?doc=Perseus:text:1999.04.0057:entry=xrusoste/ptwr,noun
κομάκτωρ,[],,https://www.perseus.tufts.edu/hopper/text?doc=Perseus:text:1999.04.0057:entry=koma/ktwr,noun
διομήτωρ,"['Ζεύς', 'μήτηρ']",,https://www.perseus.tufts.edu/hopper/text?doc=Perseus:text:1999.04.0057:entry=diomh/twr,noun
μιάστωρ,['μιαίνω'],"- crime-stained wretch who pollutes others
- avenger",https://www.perseus.tufts.edu/hopper/text?doc=Perseus:text:1999.04.0057:entry=mia/stwr,noun
ἀγκτήρ,['ἄγχω'],,https://www.perseus.tufts.edu/hopper/text?doc=Perseus:text:1999.04.0057:entry=a)gkth/r,noun
νεμέτωρ,['νέμω'],"- dispenser of justice, avenger",https://www.perseus.tufts.edu/hopper/text?doc=Perseus:text:1999.04.0057:entry=neme/twr,noun
συμπαίστωρ,[],,https://www.perseus.tufts.edu/hopper/text?doc=Perseus:text:1999.04.0057:entry=sumpai/stwr,noun
σίντωρ,[],,https://www.perseus.tufts.edu/hopper/text?doc=Perseus:text:1999.04.0057:entry=si/ntwr,noun
Ἀλέκτωρ,[],,,noun
ὑποδρηστήρ,"['ὑπό', 'δράω']","- attendant, assistant",https://www.perseus.tufts.edu/hopper/text?doc=Perseus:text:1999.04.0057:entry=u(podrhsth/r,noun
κωλύτωρ,['κωλύω'],,,
Ἀστήρ,[],,,noun
κωμάστωρ,[],,https://www.perseus.tufts.edu/hopper/text?doc=Perseus:text:1999.04.0057:entry=kwma/stwr,noun
κλεπτήρ,['κλέπτω'],,https://www.perseus.tufts.edu/hopper/text?doc=Perseus:text:1999.04.0057:entry=klepth/r,noun
χιμαροσφακτήρ,"['χίμαρος', 'σφάζω']",- goat-slayer,https://www.perseus.tufts.edu/hopper/text?doc=Perseus:text:1999.04.0057:entry=ximarosfakth/r,noun
βασιλεύτωρ,['βασιλεύς'],,https://www.perseus.tufts.edu/hopper/text?doc=Perseus:text:1999.04.0057:entry=basileu/twr,noun
σάκτωρ,['σάττω'],- packer,https://www.perseus.tufts.edu/hopper/text?doc=Perseus:text:1999.04.0057:entry=sa/ktwr,noun
ὑφορμιστήρ,['ὑφορμίζομαι'],- one who makes fast below,https://www.perseus.tufts.edu/hopper/text?doc=Perseus:text:1999.04.0057:entry=u(formisth/r,noun
ἀποπτυστήρ,"['ἀπό', 'πτύω']",- one that spits out,https://www.perseus.tufts.edu/hopper/text?doc=Perseus:text:1999.04.0057:entry=a)poptusth/r,noun
ἀσπίστωρ,['ἀσπίς'],- of shielded warriors,https://www.perseus.tufts.edu/hopper/text?doc=Perseus:text:1999.04.0057:entry=a)spi/stwr,noun
σφαιρωτήρ,['σφαιρόω'],"- thong, latchet
- a ball; knop",https://www.perseus.tufts.edu/hopper/text?doc=Perseus:text:1999.04.0057:entry=sfairwth/r,noun
αἰσυμνητήρ,['αἰσυμνάω'],"- ruler, prince",https://www.perseus.tufts.edu/hopper/text?doc=Perseus:text:1999.04.0057:entry=ai)sumnhth/r,noun
διωκτήρ,['διώκω'],- pursuer,https://www.perseus.tufts.edu/hopper/text?doc=Perseus:text:1999.04.0057:entry=diwkth/r,noun
κολαστήρ,['κολάζω'],,https://www.perseus.tufts.edu/hopper/text?doc=Perseus:text:1999.04.0057:entry=kolasth/r,noun
μαστικτήρ,['μαστίζω'],,,noun
Μήστωρ,[],,,noun
ἡγητήρ,['ἡγέομαι'],- a guide,https://www.perseus.tufts.edu/hopper/text?doc=Perseus:text:1999.04.0057:entry=h(ghth/r,noun
διαθετήρ,"['διά', 'τίθημι']",,https://www.perseus.tufts.edu/hopper/text?doc=Perseus:text:1999.04.0057:entry=diaqeth/r,noun
θεομήτωρ,"['θεός', 'μήτηρ']",- mother of a god,https://www.perseus.tufts.edu/hopper/text?doc=Perseus:text:1999.04.0057:entry=qeomh/twr,noun
προορχηστήρ,"['πρό', 'ὀρχέομαι']",- one who leads the dance,https://www.perseus.tufts.edu/hopper/text?doc=Perseus:text:1999.04.0057:entry=proorxhsth/r,noun
ὀπινιάτωρ,[],,,
κυβερνητήρ,['κυβερνάω'],,https://www.perseus.tufts.edu/hopper/text?doc=Perseus:text:1999.04.0057:entry=kubernhth/r,noun
ἀθλοθετήρ,[],,https://www.perseus.tufts.edu/hopper/text?doc=Perseus:text:1999.04.0057:entry=a)qloqeth/r,noun
λίκτωρ,[],,,
μήστωρ,['μήδομαι'],"- adviser, counsellor",https://www.perseus.tufts.edu/hopper/text?doc=Perseus:text:1999.04.0057:entry=mh/stwr,noun
Κιλλάκτωρ,[],,,noun
κρατύντωρ,['κρατύνω'],"- ruler, controller",https://www.perseus.tufts.edu/hopper/text?doc=Perseus:text:1999.04.0057:entry=kratu/ntwr,noun
τυρευτήρ,['τυρεύω'],- one who makes cheese,https://www.perseus.tufts.edu/hopper/text?doc=Perseus:text:1999.04.0057:entry=tureuth/r,noun
παμμήστωρ,"['πᾶς', 'μήστωρ']",- all-inventive,https://www.perseus.tufts.edu/hopper/text?doc=Perseus:text:1999.04.0057:entry=pammh/stwr,noun
ἰξευτήρ,['ἰξεύω'],- fowler,https://www.perseus.tufts.edu/hopper/text?doc=Perseus:text:1999.04.0057:entry=i)ceuth/r,noun
προτέκτωρ,[],,,
πρωτογενέτωρ,"['πρῶτος', 'γένος']",,,
ἀρυστήρ,['ἀρύω'],- liquid measure,https://www.perseus.tufts.edu/hopper/text?doc=Perseus:text:1999.04.0057:entry=a)rusth/r,noun
ἀπαγγελτήρ,"['ἀπό', 'ἀγγέλλω']","- one who reports, messenger",https://www.perseus.tufts.edu/hopper/text?doc=Perseus:text:1999.04.0057:entry=a)paggelth/r,noun
προμάτωρ,[],,https://www.perseus.tufts.edu/hopper/text?doc=Perseus:text:1999.04.0057:entry=proma/twr,noun
μηνύτωρ,['μηνύω'],,https://www.perseus.tufts.edu/hopper/text?doc=Perseus:text:1999.04.0057:entry=mhnu/twr,noun
Νικάτωρ,[],,,noun
χρήστωρ,[],,https://www.perseus.tufts.edu/hopper/text?doc=Perseus:text:1999.04.0057:entry=xrh/stwr,noun
βανιάτωρ,['βαλανεῖον'],,,
λιτήρ,['λιτή'],,,
ἐπακτήρ,"['ἐπί', 'ἄγω']","- hunter, huntsman; fisherman",https://www.perseus.tufts.edu/hopper/text?doc=Perseus:text:1999.04.0057:entry=e)pakth/r,noun
θεραπευτήρ,['θεραπεύω'],- attendant,https://www.perseus.tufts.edu/hopper/text?doc=Perseus:text:1999.04.0057:entry=qerapeuth/r,noun
σημήτωρ,['σῆμα'],,,
συνίστωρ,"['σύν', 'ἵστωρ']",- knowing along with,https://www.perseus.tufts.edu/hopper/text?doc=Perseus:text:1999.04.0057:entry=suni/stwr,noun
βρωτήρ,['βιβρώσκω'],- eating; moth,https://www.perseus.tufts.edu/hopper/text?doc=Perseus:text:1999.04.0057:entry=brwth/r,noun
Νεμέτωρ,[],,,noun
κοσμητήρ,['κοσμητής'],,https://www.perseus.tufts.edu/hopper/text?doc=Perseus:text:1999.04.0057:entry=kosmhth/r,noun
Ἐπίστωρ,[],,,noun
καυκουλάτωρ,[],,,
μαλακτήρ,['μαλάσσω'],- one that melts and moulds,https://www.perseus.tufts.edu/hopper/text?doc=Perseus:text:1999.04.0057:entry=malakth/r,noun
ἀπολυμαντήρ,"['ἀπό', 'λυμαίνομαι']","- destroyer; kill-joy; a devourer of remnants, lick-plate",https://www.perseus.tufts.edu/hopper/text?doc=Perseus:text:1999.04.0057:entry=a)polumanth/r,noun
ὁμοκλητήρ,['ὁμοκλάω'],"- shouter, threatener",https://www.perseus.tufts.edu/hopper/text?doc=Perseus:text:1999.04.0057:entry=o(moklhth/r,noun
πιεστήρ,['πιέζω'],- squeezer : press,https://www.perseus.tufts.edu/hopper/text?doc=Perseus:text:1999.04.0057:entry=piesth/r,noun
ἀατήρ,['ἀάω'],- dishonourer,https://www.perseus.tufts.edu/hopper/text?doc=Perseus:text:1999.04.0057:entry=a)ath/r,noun
προηγητήρ,"['πρό', 'ἡγέομαι']",,https://www.perseus.tufts.edu/hopper/text?doc=Perseus:text:1999.04.0057:entry=prohghth/r,noun
ἀποπρωτήκτωρ,['ἀπό'],,,
θωυκτήρ,['θωύσσω'],,,noun
ἀρεστήρ,['ἀρέσκω'],- a cake; propitiatory,https://www.perseus.tufts.edu/hopper/text?doc=Perseus:text:1999.04.0057:entry=a)resth/r,noun
γεννήτωρ,['γεννάω'],,https://www.perseus.tufts.edu/hopper/text?doc=Perseus:text:1999.04.0057:entry=gennh/twr,noun
ἀστήρ,[],"- star; shooting star; meteor
- illustrious
- star-fish
- bird; goldfinch
- blue daisy, Aster Amellus
- Samian clay
- ornament
- bandage
- birthmark in form of star; mark; stár; stella; stēr-la; stairnō",https://www.perseus.tufts.edu/hopper/text?doc=Perseus:text:1999.04.0057:entry=a)sth/r,noun
κραντήρ,['κραίνω'],"- one that accomplishes; complete the set; teeth; tusk
- ruler",https://www.perseus.tufts.edu/hopper/text?doc=Perseus:text:1999.04.0057:entry=kranth/r,noun
κακομήτωρ,"['κακός', 'μήτηρ']",- mother of ill,https://www.perseus.tufts.edu/hopper/text?doc=Perseus:text:1999.04.0057:entry=kakomh/twr,noun
τροχαντήρ,['τρόχος'],- trochanter; processes,https://www.perseus.tufts.edu/hopper/text?doc=Perseus:text:1999.04.0057:entry=troxanth/r,noun
τεστάτωρ,[],,,
ἐπιτιμήτωρ,['ἐπιτιμάω'],- avenger,https://www.perseus.tufts.edu/hopper/text?doc=Perseus:text:1999.04.0057:entry=e)pitimh/twr,noun
πορθήτωρ,['πορθέω'],,https://www.perseus.tufts.edu/hopper/text?doc=Perseus:text:1999.04.0057:entry=porqh/twr,noun
χραισμήτωρ,['χραισμέω'],- protector,https://www.perseus.tufts.edu/hopper/text?doc=Perseus:text:1999.04.0057:entry=xraismh/twr,noun
ἀφηγητήρ,"['ἀπό', 'ἡγέομαι']",- guide,https://www.perseus.tufts.edu/hopper/text?doc=Perseus:text:1999.04.0057:entry=a)fhghth/r,noun
κοιμήτωρ,['κοιμάω'],,,
δοξαστήρ,['δοξάζω'],,,
σακτήρ,['σάττω'],- sack,https://www.perseus.tufts.edu/hopper/text?doc=Perseus:text:1999.04.0057:entry=sakth/r,noun
δωτήρ,['δίδωμι'],- giver,https://www.perseus.tufts.edu/hopper/text?doc=Perseus:text:1999.04.0057:entry=dwth/r,noun
βραστήρ,['βράσσω'],- winnowing-fan,https://www.perseus.tufts.edu/hopper/text?doc=Perseus:text:1999.04.0057:entry=brasth/r,noun
διφήτωρ,['διφάω'],- a searcher,https://www.perseus.tufts.edu/hopper/text?doc=Perseus:text:1999.04.0057:entry=difh/twr,noun
θοινατήρ,['θοινάω'],- one who gives a feast; feast,https://www.perseus.tufts.edu/hopper/text?doc=Perseus:text:1999.04.0057:entry=qoinath/r,noun
πελεκήτωρ,['πελεκάω'],,https://www.perseus.tufts.edu/hopper/text?doc=Perseus:text:1999.04.0057:entry=pelekh/twr,noun
ποιμαντήρ,['ποιμαίνω'],,https://www.perseus.tufts.edu/hopper/text?doc=Perseus:text:1999.04.0057:entry=poimanth/r,noun
καταρρακτήρ,['καταρράσσω'],- down-swooping,https://www.perseus.tufts.edu/hopper/text?doc=Perseus:text:1999.04.0057:entry=katarrakth/r,noun
βροντοκεραυνοπάτωρ,"['βροντή', 'κεραυνός', 'πατήρ']",- father of the thunderbolt,https://www.perseus.tufts.edu/hopper/text?doc=Perseus:text:1999.04.0057:entry=brontokeraunopa/twr,noun
δοκιμαστήρ,['δοκιμάζω'],,https://www.perseus.tufts.edu/hopper/text?doc=Perseus:text:1999.04.0057:entry=dokimasth/r,noun
προκαταγγέλτωρ,"['πρό', 'κατά', 'ἀγγέλλω']",,,
ἀναστατήρ,"['ἀνά', 'ἵστημι']",- destroyer,https://www.perseus.tufts.edu/hopper/text?doc=Perseus:text:1999.04.0057:entry=a)nastath/r,noun
Υἱοπάτωρ,"['υἱός', 'πατήρ']",,,noun
πολυσημάντωρ,"['πολύς', 'σημαίνω']","- giving commands to many, ruling over many",https://www.perseus.tufts.edu/hopper/text?doc=Perseus:text:1999.04.0057:entry=polushma/ntwr,noun
κορρήκτωρ,[],,,
ξυστήρ,['ξύω'],"- scraper, rasp, file; polishing instrument
- eye-salve",https://www.perseus.tufts.edu/hopper/text?doc=Perseus:text:1999.04.0057:entry=custh/r,noun
προΐστωρ,"['πρό', 'ἴστωρ']",,,noun
ὀψητήρ,[],,https://www.perseus.tufts.edu/hopper/text?doc=Perseus:text:1999.04.0057:entry=o)yhth/r,noun
καλκουλάτωρ,[],,,
ταριχευτήρ,['ταριχεύω'],,https://www.perseus.tufts.edu/hopper/text?doc=Perseus:text:1999.04.0057:entry=tarixeuth/r,noun
ἑψητήρ,['ἕψω'],- dish; pan for boiling,https://www.perseus.tufts.edu/hopper/text?doc=Perseus:text:1999.04.0057:entry=e(yhth/r,noun
Θεομήστωρ,[],,,noun
ἐπισπαστήρ,"['ἐπί', 'σπάω']",- latch; handle by which; a door is pulled to,https://www.perseus.tufts.edu/hopper/text?doc=Perseus:text:1999.04.0057:entry=e)pispasth/r,noun
κιλλακτήρ,"['κίλλαι', 'ἄγω']",- ass-driver,https://www.perseus.tufts.edu/hopper/text?doc=Perseus:text:1999.04.0057:entry=killakth/r,noun
χριστοπάτωρ,"['Χριστός', 'πατήρ']",,,
μεταλήπτωρ,"['μετά', 'λαμβάνω']",,,
θέλκτωρ,['θέλγω'],,https://www.perseus.tufts.edu/hopper/text?doc=Perseus:text:1999.04.0057:entry=qe/lktwr,noun
πολιήτωρ,[],,,
πράτωρ,[],,https://www.perseus.tufts.edu/hopper/text?doc=Perseus:text:1999.04.0057:entry=pra/twr,noun
μαγίστωρ,[],,,
φιλίστωρ,"['φίλος', 'ἵστωρ']",- fond of learning,https://www.perseus.tufts.edu/hopper/text?doc=Perseus:text:1999.04.0057:entry=fili/stwr,noun
ἐξομβριστήρ,"['ἐξ', 'ὀμβρέω']",,,
φωστήρ,['φῶς'],"- that which gives light
- opening for light, door; window",https://www.perseus.tufts.edu/hopper/text?doc=Perseus:text:1999.04.0057:entry=fwsth/r,noun
ἀνίστωρ,[],,https://www.perseus.tufts.edu/hopper/text?doc=Perseus:text:1999.04.0057:entry=a)ni/stwr,noun
σωφρονιστήρ,['σωφρονίζω'],- wisdom-teeth,https://www.perseus.tufts.edu/hopper/text?doc=Perseus:text:1999.04.0057:entry=swfronisth/r,noun
Ἀγαμήστωρ,[],,,noun
σκαπτήρ,['σκάπτω'],- digger,https://www.perseus.tufts.edu/hopper/text?doc=Perseus:text:1999.04.0057:entry=skapth/r,noun
χρητήρ,"['χρή', 'χρῄζω']",,https://www.perseus.tufts.edu/hopper/text?doc=Perseus:text:1999.04.0057:entry=xrhth/r,noun
ποτισπαστήρ,"['ποτί', 'σπάω']",- thong which draws,https://www.perseus.tufts.edu/hopper/text?doc=Perseus:text:1999.04.0057:entry=potispasth/r,noun
Εὐπάτωρ,[],,,noun
Στέντωρ,[],"- Stentorian, with a voice like Stentor's",https://www.perseus.tufts.edu/hopper/text?doc=Perseus:text:1999.04.0057:entry=*ste/ntwr,noun
στρώκτωρ,[],,,
ἐπιδοτήρ,"['ἐπί', 'δίδωμι']",- giver of more,https://www.perseus.tufts.edu/hopper/text?doc=Perseus:text:1999.04.0057:entry=e)pidoth/r,noun
νάτωρ,['νάω'],- flowing,https://www.perseus.tufts.edu/hopper/text?doc=Perseus:text:1999.04.0057:entry=na/twr,noun
Μενέστωρ,[],,,noun
ψαίστωρ,['ψαίω'],- one that wipes off,https://www.perseus.tufts.edu/hopper/text?doc=Perseus:text:1999.04.0057:entry=yai/stwr,noun
ἀπάτωρ,['πατήρ'],"- without father; fatherless, orphan; disowned by the father; for a father",https://www.perseus.tufts.edu/hopper/text?doc=Perseus:text:1999.04.0057:entry=a)pa/twr,noun
ἰθύντωρ,[],,https://www.perseus.tufts.edu/hopper/text?doc=Perseus:text:1999.04.0057:entry=i)qu/ntwr,
ὑποφήτωρ,"['ὑπό', 'φημί']",,https://www.perseus.tufts.edu/hopper/text?doc=Perseus:text:1999.04.0057:entry=u(pofh/twr,noun
ἀλέκτωρ,['λέγω'],,,noun
πολυφήτωρ,[],,https://www.perseus.tufts.edu/hopper/text?doc=Perseus:text:1999.04.0057:entry=polufh/twr,noun
τριπτήρ,"['τετραίνω', 'τρύω']","- pestle; mortar; board under the screw of a wine-; oil-press
- vat into which wine; oil runs after being pressed out",https://www.perseus.tufts.edu/hopper/text?doc=Perseus:text:1999.04.0057:entry=tripth/r,noun
σπεκουλάτωρ,[],- speculator; scout,https://www.perseus.tufts.edu/hopper/text?doc=Perseus:text:1999.04.0057:entry=spekoula/twr,noun
ὀρθωτήρ,['ὀρθόω'],"- one who sets; keeps upright, restorer; preserver",https://www.perseus.tufts.edu/hopper/text?doc=Perseus:text:1999.04.0057:entry=o)rqwth/r,noun
κωλυτήρ,['κωλύω'],,https://www.perseus.tufts.edu/hopper/text?doc=Perseus:text:1999.04.0057:entry=kwluth/r,noun
πρατήρ,['πιπράσκω'],- seller,https://www.perseus.tufts.edu/hopper/text?doc=Perseus:text:1999.04.0057:entry=prath/r,noun
θετήρ,['τίθημι'],,https://www.perseus.tufts.edu/hopper/text?doc=Perseus:text:1999.04.0057:entry=qeth/r,noun
σοφιστορήτωρ,"['σοφιστής', 'ῥήτωρ']",,https://www.perseus.tufts.edu/hopper/text?doc=Perseus:text:1999.04.0057:entry=sofistorh/twr,
θεσπιστήρ,['θεσπίζω'],,,
κωμήτωρ,[],,https://www.perseus.tufts.edu/hopper/text?doc=Perseus:text:1999.04.0057:entry=kwmh/twr,
ζῳοδοτήρ,"['ζωός', 'δίδωμι']",,,
διυλιστήρ,"['διά', 'ὑλίζω']","- filter, strainer",https://www.perseus.tufts.edu/hopper/text?doc=Perseus:text:1999.04.0057:entry=diulisth/r,noun
Αὐτοκράτωρ,[],,,noun
εὐπάτωρ,"['εὖ', 'πατήρ']",- a good father,https://www.perseus.tufts.edu/hopper/text?doc=Perseus:text:1999.04.0057:entry=eu)pa/twr,noun
διώκτωρ,[],,https://www.perseus.tufts.edu/hopper/text?doc=Perseus:text:1999.04.0057:entry=diw/ktwr,noun
πατρολέτωρ,"['πατήρ', 'ὄλλυμι']",- parricide,https://www.perseus.tufts.edu/hopper/text?doc=Perseus:text:1999.04.0057:entry=patrole/twr,noun
ἐφυβριστήρ,"['ἐπί', 'ὑβρίζω']",- insulting,https://www.perseus.tufts.edu/hopper/text?doc=Perseus:text:1999.04.0057:entry=e)fubristh/r,noun
προπράκτωρ,"['πρό', 'πράσσω']",,,
μεταλλακτήρ,"['μετά', 'ἀλλάσσω']",- one that changes,https://www.perseus.tufts.edu/hopper/text?doc=Perseus:text:1999.04.0057:entry=metallakth/r,noun
κλιματήρ,[],,,
στοιχειοκράτωρ,"['στοιχεῖον', 'κράτος']",- who presided over the elements,https://www.perseus.tufts.edu/hopper/text?doc=Perseus:text:1999.04.0057:entry=stoixeiokra/twr,noun
φιλήτωρ,['φιλέω'],"- lover
- loving",https://www.perseus.tufts.edu/hopper/text?doc=Perseus:text:1999.04.0057:entry=filh/twr,noun
ἐτήρ,['ἔτος'],- one year old,https://www.perseus.tufts.edu/hopper/text?doc=Perseus:text:1999.04.0057:entry=e)th/r,noun
ὁδηγητήρ,['ὁδηγέω'],,https://www.perseus.tufts.edu/hopper/text?doc=Perseus:text:1999.04.0057:entry=o(dhghth/r,noun
προκαθηγητήρ,"['πρό', 'κατά', 'ἡγέομαι']",- wedgeshaped instrument for setting the,https://www.perseus.tufts.edu/hopper/text?doc=Perseus:text:1999.04.0057:entry=prokaqhghth/r,noun
ἐποπτήρ,"['ἐπί', 'ὀπτήρ']",,https://www.perseus.tufts.edu/hopper/text?doc=Perseus:text:1999.04.0057:entry=e)popth/r,noun
ἐκφάντωρ,"['ἐκ', 'φαίνω']",,https://www.perseus.tufts.edu/hopper/text?doc=Perseus:text:1999.04.0057:entry=e)kfa/ntwr,
τραχηλιστήρ,['τραχηλίζω'],- bandage,https://www.perseus.tufts.edu/hopper/text?doc=Perseus:text:1999.04.0057:entry=traxhlisth/r,noun
ναετήρ,[],,https://www.perseus.tufts.edu/hopper/text?doc=Perseus:text:1999.04.0057:entry=naeth/r,noun
ἐξακεστήρ,"['ἐξ', 'ἀκέομαι']",,,
ἴκτηρ,[],,https://www.perseus.tufts.edu/hopper/text?doc=Perseus:text:1999.04.0057:entry=i)/kthr,
ἀγχιστήρ,['ἄγχιστος'],- one who brings near,https://www.perseus.tufts.edu/hopper/text?doc=Perseus:text:1999.04.0057:entry=a)gxisth/r,noun
καθηγητήρ,"['κατά', 'ἡγέομαι']",,,noun
ὁμογενέτωρ,"['ὁμός', 'γένος']",,,noun
κολαπτήρ,['κολάπτω'],- chisel,https://www.perseus.tufts.edu/hopper/text?doc=Perseus:text:1999.04.0057:entry=kolapth/r,noun
Μέντωρ,[],,,noun
μαστίκτωρ,['μαστίζω'],- scourger,https://www.perseus.tufts.edu/hopper/text?doc=Perseus:text:1999.04.0057:entry=masti/ktwr,noun
ὑποφραστήρ,"['ὑπό', 'φράζω']",,,
βεστίτωρ  βεστήτωρ,[],,,
ἀρυτήρ,['ἀρύω'],- ladle; cup,https://www.perseus.tufts.edu/hopper/text?doc=Perseus:text:1999.04.0057:entry=a)ruth/r,noun
αὐτοκράτωρ,"['αὐτός', 'κράτος']","- one's own master
- complete master of",https://www.perseus.tufts.edu/hopper/text?doc=Perseus:text:1999.04.0057:entry=au)tokra/twr,noun
μυξωτήρ,['μύξα'],,,
χαλκαλέκτωρ,"['χαλκός', 'ἀλέκτωρ']",,,
τμητήρ,[],"- one who cuts; severs, destroyer",https://www.perseus.tufts.edu/hopper/text?doc=Perseus:text:1999.04.0057:entry=tmhth/r,noun
λαμπτήρ,['λάμπω'],- stand; grate; for lighting rooms,https://www.perseus.tufts.edu/hopper/text?doc=Perseus:text:1999.04.0057:entry=lampth/r,noun
Κράντωρ,[],,,noun
πλουτοδοτήρ,['πλουτοδοτέω'],,https://www.perseus.tufts.edu/hopper/text?doc=Perseus:text:1999.04.0057:entry=ploutodoth/r,noun
ἀνακλιντήρ,"['ἀνά', 'κλίνω']",- neighbour at dinner,https://www.perseus.tufts.edu/hopper/text?doc=Perseus:text:1999.04.0057:entry=a)naklinth/r,noun
ἀμπελοφύτωρ,"['ἄμπελος', 'φύω']",- vine-planter,https://www.perseus.tufts.edu/hopper/text?doc=Perseus:text:1999.04.0057:entry=a)mpelofu/twr,noun
κυρωτήρ,['κυρόω'],- one who has the,https://www.perseus.tufts.edu/hopper/text?doc=Perseus:text:1999.04.0057:entry=kurwth/r,noun
ἐξάκτωρ,[],- exactor; his office,https://www.perseus.tufts.edu/hopper/text?doc=Perseus:text:1999.04.0057:entry=e)ca/ktwr,noun
ἀλέκτωρ,['ἀλέξω'],,,noun
ψακτήρ,[],,,noun
βρωμήτωρ,['βρωμάομαι'],,https://www.perseus.tufts.edu/hopper/text?doc=Perseus:text:1999.04.0057:entry=brwmh/twr,noun
λυμάντωρ,[],,https://www.perseus.tufts.edu/hopper/text?doc=Perseus:text:1999.04.0057:entry=luma/ntwr,noun
προβοκάτωρ,[],,,
ἐκδοτήρ,"['ἐκ', 'δίδωμι']",,https://www.perseus.tufts.edu/hopper/text?doc=Perseus:text:1999.04.0057:entry=e)kdoth/r,
λεαντήρ,['λεαίνω'],- grinder; pestle,https://www.perseus.tufts.edu/hopper/text?doc=Perseus:text:1999.04.0057:entry=leanth/r,noun
μασχαλιστήρ,['μασχάλη'],"- girth passing round the horse behind his shoulders
- girth, band
- second dorsal vertebra",https://www.perseus.tufts.edu/hopper/text?doc=Perseus:text:1999.04.0057:entry=masxalisth/r,noun
θεριστήρ,['θερίζω'],"- mower, reaper",https://www.perseus.tufts.edu/hopper/text?doc=Perseus:text:1999.04.0057:entry=qeristh/r,noun
βώτωρ,[],,https://www.perseus.tufts.edu/hopper/text?doc=Perseus:text:1999.04.0057:entry=bw/twr,noun
κοσμοκράτωρ,"['κόσμος', 'κρατέω']",- lord of the world,https://www.perseus.tufts.edu/hopper/text?doc=Perseus:text:1999.04.0057:entry=kosmokra/twr,noun
αὐτομήτωρ,"['αὐτός', 'μήτηρ']",- very mother herself; her mother's very child,https://www.perseus.tufts.edu/hopper/text?doc=Perseus:text:1999.04.0057:entry=au)tomh/twr,noun
πυριατήρ,['πυριάζω'],- hot-water bottle; warming-pan,https://www.perseus.tufts.edu/hopper/text?doc=Perseus:text:1999.04.0057:entry=puriath/r,noun
καλλιπάτωρ,"['καλός', 'πατήρ']",,,
δημοκράτωρ,"['δῆμος', 'κράτος']",,,
ἀλφηστήρ,['ἀλφάνω'],,,
τριγωνοκράτωρ,"['τρι', 'γωνία', 'κράτος']",- ruler of a zodiacal triangle,https://www.perseus.tufts.edu/hopper/text?doc=Perseus:text:1999.04.0057:entry=trigwnokra/twr,noun
ἁλιγενέτωρ,"['ἄλς', 'γενέτωρ']",,,
δικτάτωρ,[],- dictator; the dictatorship,https://www.perseus.tufts.edu/hopper/text?doc=Perseus:text:1999.04.0057:entry=dikta/twr,noun
ἐπιχυτήρ,"['ἐπί', 'χέω']",,https://www.perseus.tufts.edu/hopper/text?doc=Perseus:text:1999.04.0057:entry=e)pixuth/r,noun
χρωστήρ,['χρῴζω'],- that which colours; dyes,https://www.perseus.tufts.edu/hopper/text?doc=Perseus:text:1999.04.0057:entry=xrwsth/r,noun
αἰσυητήρ,[],,https://www.perseus.tufts.edu/hopper/text?doc=Perseus:text:1999.04.0057:entry=ai)suhth/r,noun
πατρομήτωρ,"['πατήρ', 'μήτηρ']",- mother's father,https://www.perseus.tufts.edu/hopper/text?doc=Perseus:text:1999.04.0057:entry=patromh/twr,noun
ὑμνοθετήρ,[],,,noun
πεντηκοντήρ,['πεντήκοντα'],- commander of fifty men,https://www.perseus.tufts.edu/hopper/text?doc=Perseus:text:1999.04.0057:entry=penthkonth/r,noun
ἀποδεκτήρ,"['ἀπό', 'δέχομαι']",,https://www.perseus.tufts.edu/hopper/text?doc=Perseus:text:1999.04.0057:entry=a)podekth/r,noun
συγγεννήτωρ,['συγγεννάω'],"- one who assists in generating, common parent",https://www.perseus.tufts.edu/hopper/text?doc=Perseus:text:1999.04.0057:entry=suggennh/twr,noun
ἐφάπτωρ,['ἑφάπτω'],"- laying hold of, seizing
- one who strokes; caresses",https://www.perseus.tufts.edu/hopper/text?doc=Perseus:text:1999.04.0057:entry=e)fa/ptwr,noun
ἀθλοπάτωρ,"['ἆθλος', 'πατήρ']",,,
θρεπτήρ,['τρέφω'],"- feeder, rearer",https://www.perseus.tufts.edu/hopper/text?doc=Perseus:text:1999.04.0057:entry=qrepth/r,noun
ἱππαστήρ,['ἱππάζω'],,https://www.perseus.tufts.edu/hopper/text?doc=Perseus:text:1999.04.0057:entry=i(ppasth/r,noun
ἱκτήρ,['ἱκνέομαι'],- a suppliant,https://www.perseus.tufts.edu/hopper/text?doc=Perseus:text:1999.04.0057:entry=i(kth/r,noun
ὁρμοδοτήρ,"['ὅρμος', 'δοτήρ']",- harbour-giver,https://www.perseus.tufts.edu/hopper/text?doc=Perseus:text:1999.04.0057:entry=o(rmodoth/r,noun
προστεγαστήρ,[],- provisional roofing,https://www.perseus.tufts.edu/hopper/text?doc=Perseus:text:1999.04.0057:entry=prostegasth/r,noun
συνδαίτωρ,"['σύν', 'δαίς']",- companion at table,https://www.perseus.tufts.edu/hopper/text?doc=Perseus:text:1999.04.0057:entry=sundai/twr,noun
παρακλήτωρ,"['παρά', 'καλέω']","- one who encourages, comforter",https://www.perseus.tufts.edu/hopper/text?doc=Perseus:text:1999.04.0057:entry=paraklh/twr,noun
τεύκτωρ,[],,https://www.perseus.tufts.edu/hopper/text?doc=Perseus:text:1999.04.0057:entry=teu/ktwr,noun
πλυτήρ,['πλύνω'],,https://www.perseus.tufts.edu/hopper/text?doc=Perseus:text:1999.04.0057:entry=pluth/r,noun
κάτωρ,[],,https://www.perseus.tufts.edu/hopper/text?doc=Perseus:text:1999.04.0057:entry=ka/twr,noun
περιξυστήρ,"['περί', 'ξύω']",- surgical instrument for scraping; smoothing bones,https://www.perseus.tufts.edu/hopper/text?doc=Perseus:text:1999.04.0057:entry=pericusth/r,noun
φυσήτωρ,['φυσάω'],,https://www.perseus.tufts.edu/hopper/text?doc=Perseus:text:1999.04.0057:entry=fush/twr,noun
νυμφευτήρ,['νυμφεύω'],,https://www.perseus.tufts.edu/hopper/text?doc=Perseus:text:1999.04.0057:entry=numfeuth/r,
δεκτήρ,['δέχομαι'],- receiver,https://www.perseus.tufts.edu/hopper/text?doc=Perseus:text:1999.04.0057:entry=dekth/r,noun
πετευριστήρ,['πετευρίζομαι'],"- tumbler, acrobat",https://www.perseus.tufts.edu/hopper/text?doc=Perseus:text:1999.04.0057:entry=peteuristh/r,noun
ἀμαλλοδετήρ,"['ἄμαλλα', 'δέω']",- binder of sheaves,https://www.perseus.tufts.edu/hopper/text?doc=Perseus:text:1999.04.0057:entry=a)mallodeth/r,noun
κουφιστήρ,['κουφίζω'],- ring-pad,https://www.perseus.tufts.edu/hopper/text?doc=Perseus:text:1999.04.0057:entry=koufisth/r,noun
συλήτωρ,['συλάω'],- plunderer,https://www.perseus.tufts.edu/hopper/text?doc=Perseus:text:1999.04.0057:entry=sulh/twr,noun
θελκτήρ,['θέλγω'],"- soother, charmer",https://www.perseus.tufts.edu/hopper/text?doc=Perseus:text:1999.04.0057:entry=qelkth/r,noun
θοινάτωρ,['θοινάω'],- feaster,https://www.perseus.tufts.edu/hopper/text?doc=Perseus:text:1999.04.0057:entry=qoina/twr,noun
κυτογάστωρ,"['κύτος', 'γαστήρ']",- with capacious belly,https://www.perseus.tufts.edu/hopper/text?doc=Perseus:text:1999.04.0057:entry=kutoga/stwr,noun
εἰσπράκτωρ,"['εἰς', 'πράσσω']",,https://www.perseus.tufts.edu/hopper/text?doc=Perseus:text:1999.04.0057:entry=ei)spra/ktwr,noun
ἐλεγκτήρ,['ἐλέγχω'],- one who convicts; detects,https://www.perseus.tufts.edu/hopper/text?doc=Perseus:text:1999.04.0057:entry=e)legkth/r,noun
νευστήρ,['νέω'],"- swimmer, sailor",https://www.perseus.tufts.edu/hopper/text?doc=Perseus:text:1999.04.0057:entry=neusth/r,noun
κράντωρ,['κραίνω'],"- ruler, sovereign",https://www.perseus.tufts.edu/hopper/text?doc=Perseus:text:1999.04.0057:entry=kra/ntwr,noun
Καλλικτήρ,[],,,noun
πωλητήρ,['πωλέω'],,https://www.perseus.tufts.edu/hopper/text?doc=Perseus:text:1999.04.0057:entry=pwlhth/r,noun
ὀρχηστήρ,['ὀρχέομαι'],,https://www.perseus.tufts.edu/hopper/text?doc=Perseus:text:1999.04.0057:entry=o)rxhsth/r,noun
καθετήρ,"['κατά', 'ἵημι']","- anything let down into, inserted",https://www.perseus.tufts.edu/hopper/text?doc=Perseus:text:1999.04.0057:entry=kaqeth/r,noun
συντακτήρ,"['σύν', 'τάσσω']",- one who arranges,https://www.perseus.tufts.edu/hopper/text?doc=Perseus:text:1999.04.0057:entry=suntakth/r,noun
μηνυτήρ,['μηνύω'],"- informer, guide; one who shows, reveals",https://www.perseus.tufts.edu/hopper/text?doc=Perseus:text:1999.04.0057:entry=mhnuth/r,noun
σταχυμήτωρ,"['στάχυς', 'μήτηρ']",- mother of ears of corn,https://www.perseus.tufts.edu/hopper/text?doc=Perseus:text:1999.04.0057:entry=staxumh/twr,noun
φιλορήτωρ,"['φίλος', 'ῥήτωρ']",- fond of rhetoric,https://www.perseus.tufts.edu/hopper/text?doc=Perseus:text:1999.04.0057:entry=filorh/twr,noun
εὐθυντήρ,['εὐθύνω'],"- corrector, chastiser",https://www.perseus.tufts.edu/hopper/text?doc=Perseus:text:1999.04.0057:entry=eu)qunth/r,noun
θηρευτήρ,['θηρεύω'],,https://www.perseus.tufts.edu/hopper/text?doc=Perseus:text:1999.04.0057:entry=qhreuth/r,noun
ψευδορήτωρ,"['ψευδής', 'ῥήτωρ']",,,
τιθηνητήρ,['τιθηνέω'],,https://www.perseus.tufts.edu/hopper/text?doc=Perseus:text:1999.04.0057:entry=tiqhnhth/r,noun
φωτοκράτωρ,"['φῶς', 'κρατέω']",- lord of light,https://www.perseus.tufts.edu/hopper/text?doc=Perseus:text:1999.04.0057:entry=fwtokra/twr,noun
ἐνδυτήρ,"['ἐν', 'δύω']",- for putting on,https://www.perseus.tufts.edu/hopper/text?doc=Perseus:text:1999.04.0057:entry=e)nduth/r,noun
λουτήρ,['λούω'],- washing; bathing-tub,https://www.perseus.tufts.edu/hopper/text?doc=Perseus:text:1999.04.0057:entry=louth/r,noun
ἀικτήρ,['ἀίσσω'],,,noun
φρήτηρ,[],,https://www.perseus.tufts.edu/hopper/text?doc=Perseus:text:1999.04.0057:entry=frh/thr,
ποδιστήρ,['ποδίζω'],"- foot-entangling
- tripod",https://www.perseus.tufts.edu/hopper/text?doc=Perseus:text:1999.04.0057:entry=podisth/r,noun
δυσμάτωρ,"['δυσ', 'μήτηρ']",,https://www.perseus.tufts.edu/hopper/text?doc=Perseus:text:1999.04.0057:entry=dusma/twr,noun
γαστήρ,[],"- paunch, belly; belly; wide part
- womb; infancy",https://www.perseus.tufts.edu/hopper/text?doc=Perseus:text:1999.04.0057:entry=gasth/r,noun
ζευκτήρ,['ζεύγνυμι'],- one who yokes; joins,https://www.perseus.tufts.edu/hopper/text?doc=Perseus:text:1999.04.0057:entry=zeukth/r,noun
δρηστήρ,['δράω'],"- labourer, working man
- runaway",https://www.perseus.tufts.edu/hopper/text?doc=Perseus:text:1999.04.0057:entry=drhsth/r,noun
συμπαίκτωρ,[],,https://www.perseus.tufts.edu/hopper/text?doc=Perseus:text:1999.04.0057:entry=sumpai/ktwr,noun
μεγαλοκράτωρ,[],,https://www.perseus.tufts.edu/hopper/text?doc=Perseus:text:1999.04.0057:entry=megalokra/twr,noun
χαλκοδεσμήτωρ,['δέω'],,,
ἀλειπτήρ,[],,https://www.perseus.tufts.edu/hopper/text?doc=Perseus:text:1999.04.0057:entry=a)leipth/r,noun
μουσομήτωρ,"['μοῦσα', 'μήτηρ']",- the mother of Musesand all arts,https://www.perseus.tufts.edu/hopper/text?doc=Perseus:text:1999.04.0057:entry=mousomh/twr,noun
πελλητήρ,['πέλλα'],,,
ἡδυντήρ,['ἡδύνω'],- seasoning,https://www.perseus.tufts.edu/hopper/text?doc=Perseus:text:1999.04.0057:entry=h(dunth/r,noun
στρεπτήρ,['στρέφω'],,https://www.perseus.tufts.edu/hopper/text?doc=Perseus:text:1999.04.0057:entry=strepth/r,noun
πυρικαύτωρ,"['πῦρ', 'καίω']",- burning with fire,https://www.perseus.tufts.edu/hopper/text?doc=Perseus:text:1999.04.0057:entry=purikau/twr,
γενέτωρ,[],,https://www.perseus.tufts.edu/hopper/text?doc=Perseus:text:1999.04.0057:entry=gene/twr,noun
παμψέκτωρ,"['πᾶς', 'ψέγω']",- one that blames all,https://www.perseus.tufts.edu/hopper/text?doc=Perseus:text:1999.04.0057:entry=pamye/ktwr,noun
ἀμμοδύτωρ,"['ἄμμος', 'δύω']",- burrowing in sand,https://www.perseus.tufts.edu/hopper/text?doc=Perseus:text:1999.04.0057:entry=a)mmodu/twr,noun
μεγιστοπάτωρ,"['μέγιστος', 'πατήρ']",- greatest of fathers,https://www.perseus.tufts.edu/hopper/text?doc=Perseus:text:1999.04.0057:entry=megistopa/twr,noun
αὐτοπατήρ,"['αὐτός', 'πατήρ']",,,
παλαιομάτωρ,"['παλαιός', 'μήτηρ']",- ancient mother,https://www.perseus.tufts.edu/hopper/text?doc=Perseus:text:1999.04.0057:entry=palaioma/twr,noun
ὀνομακλήτωρ,"['ὄνομα', 'καλέω']",- one who announces guests by name; nomenclator,https://www.perseus.tufts.edu/hopper/text?doc=Perseus:text:1999.04.0057:entry=o)nomaklh/twr,noun
τριτοπάτωρ,"['τρίτος', 'πατήρ']",,,
ὑφηγητήρ,"['ὑπό', 'ἡγέομαι']",,https://www.perseus.tufts.edu/hopper/text?doc=Perseus:text:1999.04.0057:entry=u(fhghth/r,noun
φρουρητήρ,['φρουρέω'],"- watcher, guard",https://www.perseus.tufts.edu/hopper/text?doc=Perseus:text:1999.04.0057:entry=frourhth/r,noun
προκτήτωρ,"['πρό', 'κτάομαι']",- previous owner,https://www.perseus.tufts.edu/hopper/text?doc=Perseus:text:1999.04.0057:entry=prokth/twr,noun
ἀκέστωρ,['ἀκέω'],"- healer, saviour",https://www.perseus.tufts.edu/hopper/text?doc=Perseus:text:1999.04.0057:entry=a)ke/stwr,noun
ἑπταμήτωρ,"['ἑπτά', 'μήτηρ']",- mother of seven children,https://www.perseus.tufts.edu/hopper/text?doc=Perseus:text:1999.04.0057:entry=e(ptamh/twr,noun
ἀναμασχαλιστήρ,"['ἀνά', 'μασχαλιστήρ']",- shoulder-strap,https://www.perseus.tufts.edu/hopper/text?doc=Perseus:text:1999.04.0057:entry=a)namasxalisth/r,noun
κερδαντήρ,['κερδαίνω'],,,
φορμικτήρ,['φορμίζω'],,https://www.perseus.tufts.edu/hopper/text?doc=Perseus:text:1999.04.0057:entry=formikth/r,noun
λυτήρ,['λύω'],"- one who looses, deliverer
- arbitrator, decider",https://www.perseus.tufts.edu/hopper/text?doc=Perseus:text:1999.04.0057:entry=luth/r,noun
ἰάτωρ,[],,https://www.perseus.tufts.edu/hopper/text?doc=Perseus:text:1999.04.0057:entry=i)a/twr,
σχαστήρ,['σχάζω'],- clothes-hanger; -stretcher; tendicula,https://www.perseus.tufts.edu/hopper/text?doc=Perseus:text:1999.04.0057:entry=sxasth/r,noun
μακτήρ,['μάσσω'],,https://www.perseus.tufts.edu/hopper/text?doc=Perseus:text:1999.04.0057:entry=makth/r,noun
πεκτήρ,['πέκω'],- shearer,https://www.perseus.tufts.edu/hopper/text?doc=Perseus:text:1999.04.0057:entry=pekth/r,noun
Τιτανοκράτωρ,"['Τιτάν', 'κρατέω']",- conqueror of the Titans,https://www.perseus.tufts.edu/hopper/text?doc=Perseus:text:1999.04.0057:entry=*titanokra/twr,noun
Ἀμύντωρ,[],,,noun
μητροπάτωρ,"['μήτηρ', 'πατήρ']","- mother's father, grandfather",https://www.perseus.tufts.edu/hopper/text?doc=Perseus:text:1999.04.0057:entry=mhtropa/twr,noun
πτεροφύτωρ,"['πτερόν', 'φύω']",- feather-producing,https://www.perseus.tufts.edu/hopper/text?doc=Perseus:text:1999.04.0057:entry=pterofu/twr,noun
ἀκοντιστήρ,['ἀκοντίζω'],"- darting, hurtling; Dritter Bericht",https://www.perseus.tufts.edu/hopper/text?doc=Perseus:text:1999.04.0057:entry=a)kontisth/r,noun
ἀγητήρ,[],,,
εὐναστήρ,['εὐνάζω'],- serving as an anchor,https://www.perseus.tufts.edu/hopper/text?doc=Perseus:text:1999.04.0057:entry=eu)nasth/r,noun
ζηνοδοτήρ,"['Ζεύς', 'δοτήρ']",,,
διμήτωρ,"['δίς', 'μήτηρ']",- twice-born,https://www.perseus.tufts.edu/hopper/text?doc=Perseus:text:1999.04.0057:entry=dimh/twr,noun
μισομήτωρ,"['μισέω', 'μήτηρ']",,,
ὀβολοστατήρ,[],,https://www.perseus.tufts.edu/hopper/text?doc=Perseus:text:1999.04.0057:entry=o)bolostath/r,noun
κνάπτωρ,['κνάπτω'],,https://www.perseus.tufts.edu/hopper/text?doc=Perseus:text:1999.04.0057:entry=kna/ptwr,
οὐσιοπάτωρ,"['οὐσία', 'πατήρ']",- father of existence,https://www.perseus.tufts.edu/hopper/text?doc=Perseus:text:1999.04.0057:entry=ou)siopa/twr,noun
ὀξυντήρ,['ὀξύνω'],- sharpener,https://www.perseus.tufts.edu/hopper/text?doc=Perseus:text:1999.04.0057:entry=o)cunth/r,noun
φαρμακτήρ,[],,https://www.perseus.tufts.edu/hopper/text?doc=Perseus:text:1999.04.0057:entry=farmakth/r,noun
γιγαντολέτωρ,"['γίγας', 'ὄλλυμι']",,,
ἰσομάτωρ,"['ἴσος', 'μήτηρ']",- like one's mother; dam,https://www.perseus.tufts.edu/hopper/text?doc=Perseus:text:1999.04.0057:entry=i)soma/twr,noun
συνοικητήρ,['συνοικέω'],- house-fellow,https://www.perseus.tufts.edu/hopper/text?doc=Perseus:text:1999.04.0057:entry=sunoikhth/r,noun
ἐπιβώτωρ,"['ἐπί', 'βώτωρ']",- shepherd,https://www.perseus.tufts.edu/hopper/text?doc=Perseus:text:1999.04.0057:entry=e)pibw/twr,noun
ὀμφητήρ,['ὀμφή'],- soothsayer,https://www.perseus.tufts.edu/hopper/text?doc=Perseus:text:1999.04.0057:entry=o)mfhth/r,noun
κατευθυντήρ,"['κατά', 'εὐθύνω']",,,
τρυγητήρ,['τρυγάω'],- one who gathers ripe fruit; grapes,https://www.perseus.tufts.edu/hopper/text?doc=Perseus:text:1999.04.0057:entry=trughth/r,noun
ἀκεστήρ,['ἀκέω'],- healer,https://www.perseus.tufts.edu/hopper/text?doc=Perseus:text:1999.04.0057:entry=a)kesth/r,noun
μονομήτωρ,"['μόνος', 'μήτηρ']",- bereft of a mother,https://www.perseus.tufts.edu/hopper/text?doc=Perseus:text:1999.04.0057:entry=monomh/twr,noun
ὀνάτωρ,['ὀνίνημι'],,,noun
δαϊκτήρ,['δαΐζω'],,,noun
ἵστωρ,[],,,noun
κατοπτήρ,"['κατά', 'ὀπτεύω']","- spy, scout",https://www.perseus.tufts.edu/hopper/text?doc=Perseus:text:1999.04.0057:entry=katopth/r,noun
ἐπικρατήτωρ,"['ἐπί', 'κρατέω']",- ruling,https://www.perseus.tufts.edu/hopper/text?doc=Perseus:text:1999.04.0057:entry=e)pikrath/twr,noun
οἰνοποτήρ,"['οἶνος', 'πίνω']",- wine-drinker,https://www.perseus.tufts.edu/hopper/text?doc=Perseus:text:1999.04.0057:entry=oi)nopoth/r,noun
ὀνυχιστήρ,['ὀνυχίζω'],- hoof,https://www.perseus.tufts.edu/hopper/text?doc=Perseus:text:1999.04.0057:entry=o)nuxisth/r,noun
σαφήτωρ,['σάφα'],"- explainer, interpreter",https://www.perseus.tufts.edu/hopper/text?doc=Perseus:text:1999.04.0057:entry=safh/twr,noun
τριετήρ,[],,https://www.perseus.tufts.edu/hopper/text?doc=Perseus:text:1999.04.0057:entry=trieth/r,noun
αὐτοπάτωρ,"['αὐτός', 'πατήρ']",- self-engendered,https://www.perseus.tufts.edu/hopper/text?doc=Perseus:text:1999.04.0057:entry=au)topa/twr,noun
κατονειδιστήρ,"['κατά', 'ὀνειδίζω']",,https://www.perseus.tufts.edu/hopper/text?doc=Perseus:text:1999.04.0057:entry=katoneidisth/r,noun
μανδάτωρ,[],,,
Γενέτωρ,[],,,noun
ὁριοκράτωρ,"['ὅριον', 'κρατέω']",- ruler of certain degrees in a zodiacal sign,https://www.perseus.tufts.edu/hopper/text?doc=Perseus:text:1999.04.0057:entry=o(riokra/twr,noun
τριπάτωρ,"['τρι', 'πατήρ']",- having three fathers,https://www.perseus.tufts.edu/hopper/text?doc=Perseus:text:1999.04.0057:entry=tripa/twr,noun
ἀγρωστήρ,['ἀγρός'],,https://www.perseus.tufts.edu/hopper/text?doc=Perseus:text:1999.04.0057:entry=a)grwsth/r,noun
ματήρ,[],,https://www.perseus.tufts.edu/hopper/text?doc=Perseus:text:1999.04.0057:entry=math/r,noun
συνεστιάτωρ,['συνεστιάζω'],- boon-companion,https://www.perseus.tufts.edu/hopper/text?doc=Perseus:text:1999.04.0057:entry=sunestia/twr,noun
μνήστωρ,['μνάομαι'],- mindful of,https://www.perseus.tufts.edu/hopper/text?doc=Perseus:text:1999.04.0057:entry=mnh/stwr,noun
ἑλκυστήρ,['ἕλκω'],- instrument for drawing; crochet; a rein,https://www.perseus.tufts.edu/hopper/text?doc=Perseus:text:1999.04.0057:entry=e(lkusth/r,noun
ἐπιπάτωρ,"['ἐπί', 'πατήρ']",- stepfather,https://www.perseus.tufts.edu/hopper/text?doc=Perseus:text:1999.04.0057:entry=e)pipa/twr,noun
ἀγρώστωρ,['ἄγρα'],,,noun
ἀλκτήρ,['ἀλκή'],"- one who wards off, protector from",https://www.perseus.tufts.edu/hopper/text?doc=Perseus:text:1999.04.0057:entry=a)lkth/r,noun
Στάτωρ,[],,,noun
πολεμήτωρ,['πολεμέω'],- warlike,https://www.perseus.tufts.edu/hopper/text?doc=Perseus:text:1999.04.0057:entry=polemh/twr,noun
πονοπαίκτωρ,"['πόνος', 'παίζω']",- one that sports with danger,https://www.perseus.tufts.edu/hopper/text?doc=Perseus:text:1999.04.0057:entry=ponopai/ktwr,noun
στατήρ,[],"- standard coin
- one who owes money, debtor",https://www.perseus.tufts.edu/hopper/text?doc=Perseus:text:1999.04.0057:entry=stath/r,noun
δορυμήστωρ,"['δόρυ', 'μήστωρ']",- skilled with the spear; workshop where spear-shafts are made,https://www.perseus.tufts.edu/hopper/text?doc=Perseus:text:1999.04.0057:entry=dorumh/stwr,noun
κλαυστήρ,['κλαίω'],- weeper,https://www.perseus.tufts.edu/hopper/text?doc=Perseus:text:1999.04.0057:entry=klausth/r,noun
δοτήρ,['δίδωμι'],"- giver, dispenser",https://www.perseus.tufts.edu/hopper/text?doc=Perseus:text:1999.04.0057:entry=doth/r,noun
Ζωστήρ,[],,,noun
καθαρτήρ,['καθαίρω'],,https://www.perseus.tufts.edu/hopper/text?doc=Perseus:text:1999.04.0057:entry=kaqarth/r,noun
ἐργαστήρ,['ἐργάζομαι'],- workman; in husbandry,https://www.perseus.tufts.edu/hopper/text?doc=Perseus:text:1999.04.0057:entry=e)rgasth/r,noun
ἀδαμάστωρ,['ἀδάμαστος'],,,
πράκτωρ,['πράσσω'],"- one who does; executes, accomplisher
- official who executes a judgment for debt; public debt, bailiff",https://www.perseus.tufts.edu/hopper/text?doc=Perseus:text:1999.04.0057:entry=pra/ktwr,noun
μονοπάτωρ,"['μόνος', 'πατήρ']",- only father,https://www.perseus.tufts.edu/hopper/text?doc=Perseus:text:1999.04.0057:entry=monopa/twr,noun
νομοΐστωρ,"['νόμος', 'ἴστωρ']",,,noun
πραίτωρ,[],,,
δομήτωρ,['δομέω'],- builder,https://www.perseus.tufts.edu/hopper/text?doc=Perseus:text:1999.04.0057:entry=domh/twr,noun
ἀρνευτήρ,[],"- tumbler, acrobat",https://www.perseus.tufts.edu/hopper/text?doc=Perseus:text:1999.04.0057:entry=a)rneuth/r,noun
ῥυτήρ,['ἐρύω'],,,noun
ἀμελκτήρ,['ἀμέλγω'],- milking-pail,https://www.perseus.tufts.edu/hopper/text?doc=Perseus:text:1999.04.0057:entry=a)melkth/r,noun
φαυστήρ,['φάω'],- lamp; candelabrum; large window,https://www.perseus.tufts.edu/hopper/text?doc=Perseus:text:1999.04.0057:entry=fausth/r,noun
τευχηστήρ,['τεῦχος'],"- armed man, warrior",https://www.perseus.tufts.edu/hopper/text?doc=Perseus:text:1999.04.0057:entry=teuxhsth/r,noun
λευστήρ,['λεύω'],- one who stones,https://www.perseus.tufts.edu/hopper/text?doc=Perseus:text:1999.04.0057:entry=leusth/r,noun
φράστωρ,['φράζω'],- guide,https://www.perseus.tufts.edu/hopper/text?doc=Perseus:text:1999.04.0057:entry=fra/stwr,noun
μεγαλήτωρ,"['μέγας', 'ἦτορ']",- greathearted,https://www.perseus.tufts.edu/hopper/text?doc=Perseus:text:1999.04.0057:entry=megalh/twr,noun
ἐνναετήρ,"['ἐν', 'ναίω']","- inmate, inhabitant",https://www.perseus.tufts.edu/hopper/text?doc=Perseus:text:1999.04.0057:entry=e)nnaeth/r,noun
κυβιστητήρ,['κυβιστάω'],"- tumbler
- tumbling",https://www.perseus.tufts.edu/hopper/text?doc=Perseus:text:1999.04.0057:entry=kubisthth/r,noun
μητρομήτωρ,"['μήτηρ', 'μήτηρ']","- mother's mother, grandmother",https://www.perseus.tufts.edu/hopper/text?doc=Perseus:text:1999.04.0057:entry=mhtromh/twr,noun
κορυφιστήρ,['κορυφή'],,https://www.perseus.tufts.edu/hopper/text?doc=Perseus:text:1999.04.0057:entry=korufisth/r,noun
βοσκήτωρ,['βόσκω'],- herdsman,https://www.perseus.tufts.edu/hopper/text?doc=Perseus:text:1999.04.0057:entry=boskh/twr,noun
κτιστήρ,['κτίζω'],,https://www.perseus.tufts.edu/hopper/text?doc=Perseus:text:1999.04.0057:entry=ktisth/r,noun
ψευδοκλητήρ,"['ψευδής', 'κλητεύω']",- one who falsely subscribes his name as witness to a summons,https://www.perseus.tufts.edu/hopper/text?doc=Perseus:text:1999.04.0057:entry=yeudoklhth/r,noun
χερνήτωρ,[],,https://www.perseus.tufts.edu/hopper/text?doc=Perseus:text:1999.04.0057:entry=xernh/twr,
καυτήρ,['καίω'],- burner,https://www.perseus.tufts.edu/hopper/text?doc=Perseus:text:1999.04.0057:entry=kauth/r,noun
ἐνοικήτωρ,['ἐνοικέω'],- inhabitant,https://www.perseus.tufts.edu/hopper/text?doc=Perseus:text:1999.04.0057:entry=e)noikh/twr,noun
ἀλγυντήρ,['ἀλγύνω'],- causing pain,https://www.perseus.tufts.edu/hopper/text?doc=Perseus:text:1999.04.0057:entry=a)lgunth/r,noun
βροχωτήρ,[],,,
διαλλακτήρ,"['διά', 'ἀλλάσσω']",- mediator,https://www.perseus.tufts.edu/hopper/text?doc=Perseus:text:1999.04.0057:entry=diallakth/r,noun
Πλεῖστωρ,[],,,noun
συνοικήτωρ,['συνοικέω'],,https://www.perseus.tufts.edu/hopper/text?doc=Perseus:text:1999.04.0057:entry=sunoikh/twr,noun
ἐρυστήρ,['ἐρύω'],,,
θυτήρ,['θύω'],"- sacrificer, slayer",https://www.perseus.tufts.edu/hopper/text?doc=Perseus:text:1999.04.0057:entry=quth/r,noun
λιπομήτωρ,"['λείπω', 'μήτηρ']",- having left one's mother,https://www.perseus.tufts.edu/hopper/text?doc=Perseus:text:1999.04.0057:entry=lipomh/twr,noun
κοιαίστωρ,[],,,
ἀποσοβητήρ,"['ἀπό', 'σοβέω']",- one that scares away,https://www.perseus.tufts.edu/hopper/text?doc=Perseus:text:1999.04.0057:entry=a)posobhth/r,noun
ἀμφιβατήρ,"['ἀμφί', 'βαίνω']",,,
Σαλινάτωρ,[],,,noun
πλακτήρ,[],- spur,https://www.perseus.tufts.edu/hopper/text?doc=Perseus:text:1999.04.0057:entry=plakth/r,noun
φιλοπάτηρ,[],,https://www.perseus.tufts.edu/hopper/text?doc=Perseus:text:1999.04.0057:entry=filopa/thr,
προασπιστήρ,"['πρό', 'ἀσπίς']","- one who holds a shield before, champion",https://www.perseus.tufts.edu/hopper/text?doc=Perseus:text:1999.04.0057:entry=proaspisth/r,noun
ζωστήρ,['ζώννυμι'],"- a warrior's belt; belt
- anything that goes round like a girdle",https://www.perseus.tufts.edu/hopper/text?doc=Perseus:text:1999.04.0057:entry=zwsth/r,noun
γναμπτήρ,['γνάμπτω'],- jaw,https://www.perseus.tufts.edu/hopper/text?doc=Perseus:text:1999.04.0057:entry=gnampth/r,noun
στάτωρ,[],"- stator, usher",https://www.perseus.tufts.edu/hopper/text?doc=Perseus:text:1999.04.0057:entry=sta/twr,noun
σημαντήρ,['σημαίνω'],"- herdsman
- seal, signet",https://www.perseus.tufts.edu/hopper/text?doc=Perseus:text:1999.04.0057:entry=shmanth/r,noun
κυαίστωρ,[],,,
μάτηρ,[],,,noun
σαστήρ,[],,https://www.perseus.tufts.edu/hopper/text?doc=Perseus:text:1999.04.0057:entry=sasth/r,noun
μνήστωρ,['μιμνήσκω'],- mindful of,https://www.perseus.tufts.edu/hopper/text?doc=Perseus:text:1999.04.0057:entry=mnh/stwr,noun
διοπτήρ,['διοπτεύω'],"- spy, scout
- tesserarii",https://www.perseus.tufts.edu/hopper/text?doc=Perseus:text:1999.04.0057:entry=diopth/r,noun
ὑλητήρ,['ὕλη'],- a kind of wine,https://www.perseus.tufts.edu/hopper/text?doc=Perseus:text:1999.04.0057:entry=u(lhth/r,noun
θερμαντήρ,['θερμαίνω'],- kettle; pot for boiling water,https://www.perseus.tufts.edu/hopper/text?doc=Perseus:text:1999.04.0057:entry=qermanth/r,noun
οἰκοκράτωρ,"['οἶκος', 'κράτος']",,,
ἀποπλάστωρ,['ἀποπλάσσω'],,,
νυκτιγενέτωρ,"['νύξ', 'γενέτωρ']",- father of night,https://www.perseus.tufts.edu/hopper/text?doc=Perseus:text:1999.04.0057:entry=nuktigene/twr,noun
πελλαντήρ,['πέλλα'],- one who milks into a pail,https://www.perseus.tufts.edu/hopper/text?doc=Perseus:text:1999.04.0057:entry=pellanth/r,noun
ἐθελορήτωρ,"['ἐθέλω', 'ῥήτωρ']",- would-be orator,https://www.perseus.tufts.edu/hopper/text?doc=Perseus:text:1999.04.0057:entry=e)qelorh/twr,noun
παιδοκράτωρ,"['παῖς', 'κρατέω']",- guardian of boys,https://www.perseus.tufts.edu/hopper/text?doc=Perseus:text:1999.04.0057:entry=paidokra/twr,noun
ῥητήρ,[],- speaker,https://www.perseus.tufts.edu/hopper/text?doc=Perseus:text:1999.04.0057:entry=r(hth/r,noun
κοιλογάστωρ,"['κοῖλος', 'γαστήρ']","- hollow-bellied, hungry",https://www.perseus.tufts.edu/hopper/text?doc=Perseus:text:1999.04.0057:entry=koiloga/stwr,noun
αἰωνοπολοκράτωρ,"['αἰών', 'πόλος', 'κράτος']",- eternal ruler of the heavens,https://www.perseus.tufts.edu/hopper/text?doc=Perseus:text:1999.04.0057:entry=ai)wnopolokra/twr,noun
δωμήτωρ,['δῶμα'],- builder,https://www.perseus.tufts.edu/hopper/text?doc=Perseus:text:1999.04.0057:entry=dwmh/twr,noun
λιποπάτωρ,"['λείπω', 'πατήρ']",- deserter of one's father,https://www.perseus.tufts.edu/hopper/text?doc=Perseus:text:1999.04.0057:entry=lipopa/twr,noun
ὀρυκτήρ,['ὀρύσσω'],- miner,https://www.perseus.tufts.edu/hopper/text?doc=Perseus:text:1999.04.0057:entry=o)rukth/r,noun
προμήτωρ,"['πρό', 'μήτηρ']","- first mother
- maternal grandfather",https://www.perseus.tufts.edu/hopper/text?doc=Perseus:text:1999.04.0057:entry=promh/twr,noun
ἐθνοπάτωρ,"['ἔθνος', 'πατήρ']",,,
ἀγάστωρ,"['ἀ', 'γαστήρ']",- from the same womb; twins; near kinsman,https://www.perseus.tufts.edu/hopper/text?doc=Perseus:text:1999.04.0057:entry=a)ga/stwr,noun
δαΐκτωρ,['δαΐζω'],,,noun
ἁμιλλητήρ,['ἁμιλλάομαι'],- racing,https://www.perseus.tufts.edu/hopper/text?doc=Perseus:text:1999.04.0057:entry=a(millhth/r,noun
καταληπτήρ,"['κατά', 'λαμβάνω']",- strap for holding fast,https://www.perseus.tufts.edu/hopper/text?doc=Perseus:text:1999.04.0057:entry=katalhpth/r,noun
διωστήρ,"['διά', 'ὠθέω']","- instrument for pushing out
- pole running through rings",https://www.perseus.tufts.edu/hopper/text?doc=Perseus:text:1999.04.0057:entry=diwsth/r,noun
χρονοκράτωρ,"['χρόνος', 'κρατέω']",- heavenly body dominant for a specified period,https://www.perseus.tufts.edu/hopper/text?doc=Perseus:text:1999.04.0057:entry=xronokra/twr,noun
λυσσητήρ,['λυσσάω'],- one that is raging; raving mad,https://www.perseus.tufts.edu/hopper/text?doc=Perseus:text:1999.04.0057:entry=lusshth/r,noun
πλώτωρ,[],,,
πριστήρ,['πρίω'],- saw,https://www.perseus.tufts.edu/hopper/text?doc=Perseus:text:1999.04.0057:entry=pristh/r,noun
ὑποσπαθιστήρ,"['ὑπό', 'σπαθίζω']",- spatula,https://www.perseus.tufts.edu/hopper/text?doc=Perseus:text:1999.04.0057:entry=u(pospaqisth/r,noun
ἀναλυτήρ,"['ἀνά', 'λύω']",- deliverer,https://www.perseus.tufts.edu/hopper/text?doc=Perseus:text:1999.04.0057:entry=a)naluth/r,noun
οἰκοδέκτωρ,"['οἶκος', 'δέχομαι']",- a planet in whose domicile another planet happens to be,https://www.perseus.tufts.edu/hopper/text?doc=Perseus:text:1999.04.0057:entry=oi)kode/ktwr,noun
ἑλκητήρ,['ἕλκω'],,,noun
φράτηρ,[],- member of a,https://www.perseus.tufts.edu/hopper/text?doc=Perseus:text:1999.04.0057:entry=fra/thr,noun
ῥυπτήρ,['ῥύπτω'],,,
Δαμάστωρ,['δαμάζω'],,,noun
πανδαμάτωρ,"['πᾶς', 'δαμάω']","- the all-subduer, all-tamer",https://www.perseus.tufts.edu/hopper/text?doc=Perseus:text:1999.04.0057:entry=pandama/twr,noun
πεντηκοστήρ,[],,https://www.perseus.tufts.edu/hopper/text?doc=Perseus:text:1999.04.0057:entry=penthkosth/r,
πάτωρ,[],- possessor,https://www.perseus.tufts.edu/hopper/text?doc=Perseus:text:1999.04.0057:entry=pa/twr,noun
μαιήτωρ,['μαίομαι'],- seeker,https://www.perseus.tufts.edu/hopper/text?doc=Perseus:text:1999.04.0057:entry=maih/twr,noun
πεμπτήρ,['πέμπω'],,https://www.perseus.tufts.edu/hopper/text?doc=Perseus:text:1999.04.0057:entry=pempth/r,noun
παραμυθήτωρ,"['παρά', 'μυθέομαι']",,,
ἀπιθυντήρ,"['ἀπό', 'ἰθύνω']",,,
τερθρωτήρ,['τέρθρον'],- the part of a ship from which the,https://www.perseus.tufts.edu/hopper/text?doc=Perseus:text:1999.04.0057:entry=terqrwth/r,noun
αὐτορήτωρ,"['αὐτός', 'ῥήτωρ']",- a self-made orator,https://www.perseus.tufts.edu/hopper/text?doc=Perseus:text:1999.04.0057:entry=au)torh/twr,noun
τοκοπράκτωρ,"['τόκος', 'πράσσω']",- one who exacts interest,https://www.perseus.tufts.edu/hopper/text?doc=Perseus:text:1999.04.0057:entry=tokopra/ktwr,noun
σιτεκλήπτωρ,"['σῖτος', 'ἐκλήπτωρ']",,,
πρακτήρ,['πράσσω'],- doer; traders,https://www.perseus.tufts.edu/hopper/text?doc=Perseus:text:1999.04.0057:entry=prakth/r,noun
προμήτωρ,"['πρό', 'μήτηρ']","- first mother
- maternal grandfather",https://www.perseus.tufts.edu/hopper/text?doc=Perseus:text:1999.04.0057:entry=promh/twr,noun
ὑδρογάστωρ,"['ὕδωρ', 'γαστήρ']","- with water in the belly, dropsical",https://www.perseus.tufts.edu/hopper/text?doc=Perseus:text:1999.04.0057:entry=u(droga/stwr,noun
κατευναστήρ,"['κατά', 'εὐνή']",- chamberlain,https://www.perseus.tufts.edu/hopper/text?doc=Perseus:text:1999.04.0057:entry=kateunasth/r,noun
ἀρχιστάτωρ,"['ἀρχι', 'στάτωρ']",- chief usher; keeper of the sacred vestments,https://www.perseus.tufts.edu/hopper/text?doc=Perseus:text:1999.04.0057:entry=a)rxista/twr,noun
καταισχυντήρ,"['κατά', 'αἰσχύνω']",- dishonourer,https://www.perseus.tufts.edu/hopper/text?doc=Perseus:text:1999.04.0057:entry=kataisxunth/r,noun
ἐνετήρ,"['ἐν', 'ἵημι']","- clyster-syringe
- siege-engine of war for hurling projectiles",https://www.perseus.tufts.edu/hopper/text?doc=Perseus:text:1999.04.0057:entry=e)neth/r,noun
παραλήπτωρ,"['παρά', 'λαμβάνω']",- inheritor,https://www.perseus.tufts.edu/hopper/text?doc=Perseus:text:1999.04.0057:entry=paralh/ptwr,noun
χιλιοκράτωρ,"['χίλιοι', 'κρατέω']",,https://www.perseus.tufts.edu/hopper/text?doc=Perseus:text:1999.04.0057:entry=xiliokra/twr,
κατοπτευτήρ,"['κατά', 'ὀπτεύω']",,,
κηλήτωρ,['κηλέω'],- charmer,https://www.perseus.tufts.edu/hopper/text?doc=Perseus:text:1999.04.0057:entry=khlh/twr,noun
ἀποστατήρ,"['ἀπό', 'ἵστημι']",- one who has power to dissolve an assembly; to decide a question,https://www.perseus.tufts.edu/hopper/text?doc=Perseus:text:1999.04.0057:entry=a)postath/r,noun
τινάκτωρ,['τινάσσω'],- shaker,https://www.perseus.tufts.edu/hopper/text?doc=Perseus:text:1999.04.0057:entry=tina/ktwr,noun
καταλυτήρ,"['κατά', 'λύω']",- arbitrator,https://www.perseus.tufts.edu/hopper/text?doc=Perseus:text:1999.04.0057:entry=kataluth/r,noun
ἀνάκτωρ,['ἀνάσσω'],,https://www.perseus.tufts.edu/hopper/text?doc=Perseus:text:1999.04.0057:entry=a)na/ktwr,noun
αἰθυκτήρ,['αἰθύσσω'],- rushing violently,https://www.perseus.tufts.edu/hopper/text?doc=Perseus:text:1999.04.0057:entry=ai)qukth/r,noun
φιλοΐστωρ,[],,,noun
παντοκράτωρ,"['πᾶς', 'κράτος']",- almighty,https://www.perseus.tufts.edu/hopper/text?doc=Perseus:text:1999.04.0057:entry=pantokra/twr,noun
καμπιδούκτωρ,[],,,
σφιγκτήρ,['σφίγγω'],"- that which binds tight, lace, band
- muscle closing an aperture
- a Tarentine",https://www.perseus.tufts.edu/hopper/text?doc=Perseus:text:1999.04.0057:entry=sfigkth/r,noun
ἀκράτωρ,['κράτος'],,https://www.perseus.tufts.edu/hopper/text?doc=Perseus:text:1999.04.0057:entry=a)kra/twr,noun
βοτήρ,['βόσκω'],- herdsman,https://www.perseus.tufts.edu/hopper/text?doc=Perseus:text:1999.04.0057:entry=both/r,noun
συνευαστήρ,"['σύν', 'εὐαστήρ']",- fellow-bacchanal,https://www.perseus.tufts.edu/hopper/text?doc=Perseus:text:1999.04.0057:entry=suneuasth/r,noun
σηκωτήρ,['σηκόω'],- the beam of a balance,https://www.perseus.tufts.edu/hopper/text?doc=Perseus:text:1999.04.0057:entry=shkwth/r,noun
κουράτωρ,[],- curator; serve as curator; office of curator,https://www.perseus.tufts.edu/hopper/text?doc=Perseus:text:1999.04.0057:entry=koura/twr,noun
σαλπιγκτήρ,['σαλπίζω'],,,
πολοκράτωρ,"['πόλος', 'κρατέω']",- ruling the pole,https://www.perseus.tufts.edu/hopper/text?doc=Perseus:text:1999.04.0057:entry=polokra/twr,noun
ἀφίκτωρ,"['ἀπό', 'ἱκνέομαι']",,https://www.perseus.tufts.edu/hopper/text?doc=Perseus:text:1999.04.0057:entry=a)fi/ktwr,noun
ὠκυδήκτωρ,"['ὠκύς', 'δάκνω']",- sharp-biting,https://www.perseus.tufts.edu/hopper/text?doc=Perseus:text:1999.04.0057:entry=w)kudh/ktwr,noun
κνηστήρ,"['κνίζω', 'κνύω']","- scraping-knife
- slayer, destroyer",https://www.perseus.tufts.edu/hopper/text?doc=Perseus:text:1999.04.0057:entry=knhsth/r,noun
ὀμφαλιστήρ,['ὀμφαλίς'],- knife to cut the navel-string,https://www.perseus.tufts.edu/hopper/text?doc=Perseus:text:1999.04.0057:entry=o)mfalisth/r,noun
ὑποβαστακτήρ,"['ὑπό', 'βαστάζω']",- underbearer,https://www.perseus.tufts.edu/hopper/text?doc=Perseus:text:1999.04.0057:entry=u(pobastakth/r,noun
ἐγχειρογάστωρ,"['ἐν', 'χείρ', 'γαστήρ']",,https://www.perseus.tufts.edu/hopper/text?doc=Perseus:text:1999.04.0057:entry=e)gxeiroga/stwr,noun
ἐκλήπτωρ,"['ἐκ', 'λαμβάνω']",- contractor of works,https://www.perseus.tufts.edu/hopper/text?doc=Perseus:text:1999.04.0057:entry=e)klh/ptwr,noun
ἀγάστωρ,"['ἀ', 'γαστήρ']",- from the same womb; twins; near kinsman,https://www.perseus.tufts.edu/hopper/text?doc=Perseus:text:1999.04.0057:entry=a)ga/stwr,noun
αἰωνακτινοκράτωρ,"['αἰών', 'ἀκτίς', 'κράτος']",,,
θυμιατήρ,['θυμιάω'],,,
ταυρογάστωρ,"['ταῦρος', 'γαστήρ']",- with bull's paunch; enormous,https://www.perseus.tufts.edu/hopper/text?doc=Perseus:text:1999.04.0057:entry=tauroga/stwr,noun
τριακτήρ,['τριάζω'],- victor,https://www.perseus.tufts.edu/hopper/text?doc=Perseus:text:1999.04.0057:entry=triakth/r,noun
συνοικιστήρ,['συνοικίζω'],"- one who joins in peopling, fellow-colonist",https://www.perseus.tufts.edu/hopper/text?doc=Perseus:text:1999.04.0057:entry=sunoikisth/r,noun
φραδατήρ,['φραδάω'],- notary,https://www.perseus.tufts.edu/hopper/text?doc=Perseus:text:1999.04.0057:entry=fradath/r,noun
Ἕκτωρ,[],,,noun
ψυχοδοτήρ,"['ψυχή', 'δότης']",- giver of the soul; life,https://www.perseus.tufts.edu/hopper/text?doc=Perseus:text:1999.04.0057:entry=yuxodoth/r,noun
καταρτιστήρ,"['κατά', 'ἀρτίζω']","- one who restores order, mediator",https://www.perseus.tufts.edu/hopper/text?doc=Perseus:text:1999.04.0057:entry=katartisth/r,noun
κοσμοκτίστωρ,"['κόσμος', 'κτίζω']",,,
ἁγήτωρ,[],,,
ἰατήρ,['ἰάομαι'],- j; surgeon; healer; deliverer,https://www.perseus.tufts.edu/hopper/text?doc=Perseus:text:1999.04.0057:entry=i)ath/r,noun
οἰκητήρ,['οἰκέω'],,https://www.perseus.tufts.edu/hopper/text?doc=Perseus:text:1999.04.0057:entry=oi)khth/r,noun
ὀλβιστήρ,['ὀλβίζω'],- one who makes prosperous,https://www.perseus.tufts.edu/hopper/text?doc=Perseus:text:1999.04.0057:entry=o)lbisth/r,noun
Φράστωρ,[],,,noun
θρηνητήρ,['θρηνέω'],"- mourner, wailer",https://www.perseus.tufts.edu/hopper/text?doc=Perseus:text:1999.04.0057:entry=qrhnhth/r,noun
σκληρότηρ,[],,https://www.perseus.tufts.edu/hopper/text?doc=Perseus:text:1999.04.0057:entry=sklhro/thr,
μισοπάτωρ,"['μισέω', 'πατήρ']",- hating one's father,https://www.perseus.tufts.edu/hopper/text?doc=Perseus:text:1999.04.0057:entry=misopa/twr,noun
ἁλογενέτωρ,"['ἅλς', 'γενέτωρ']",,,
μήτηρ,[],"- dam; mother-bird; queen; mother and grandmother; Mater Patriae; Mater invictorum castrorum
- origin; source; the mother; mater; módor",https://www.perseus.tufts.edu/hopper/text?doc=Perseus:text:1999.04.0057:entry=mh/thr,noun
ἕκτωρ,['ἔχω'],"- holding fast
- Hector, the prop; stay; of Hector",https://www.perseus.tufts.edu/hopper/text?doc=Perseus:text:1999.04.0057:entry=e(/ktwr,noun
ῥυτήρ,['ἐρύω'],,,noun
ἀντιδικτάτωρ,['ἀντί'],- pro dictatore,https://www.perseus.tufts.edu/hopper/text?doc=Perseus:text:1999.04.0057:entry=a)ntidikta/twr,noun
ἀργυροκοπιστήρ,['ἀργυροκοπέω'],- coiner; money-changer,https://www.perseus.tufts.edu/hopper/text?doc=Perseus:text:1999.04.0057:entry=a)rgurokopisth/r,noun
ἀορτήρ,['ἀείρω'],"- strap to hang; to, sword-belt",https://www.perseus.tufts.edu/hopper/text?doc=Perseus:text:1999.04.0057:entry=a)orth/r,noun
φυλακτήρ,[],,https://www.perseus.tufts.edu/hopper/text?doc=Perseus:text:1999.04.0057:entry=fulakth/r,noun
προγάστωρ,"['πρό', 'γαστήρ']",- pot-bellied; Aër,https://www.perseus.tufts.edu/hopper/text?doc=Perseus:text:1999.04.0057:entry=proga/stwr,noun
φρουρήτωρ,['φρουρέω'],- guardian,https://www.perseus.tufts.edu/hopper/text?doc=Perseus:text:1999.04.0057:entry=frourh/twr,noun
ἐπαρυστήρ,"['ἐπί', 'ἀρύτω']",- vessel for pouring,https://www.perseus.tufts.edu/hopper/text?doc=Perseus:text:1999.04.0057:entry=e)parusth/r,noun
τοποκράτωρ,"['τόπος', 'κράτος']",,https://www.perseus.tufts.edu/hopper/text?doc=Perseus:text:1999.04.0057:entry=topokra/twr,noun
προμητάτωρ,[],,,
τιμητήρ,['τιμάω'],- assessor,https://www.perseus.tufts.edu/hopper/text?doc=Perseus:text:1999.04.0057:entry=timhth/r,noun
ἐπιλήπτωρ,"['ἐπί', 'λαμβάνω']",- censurer,https://www.perseus.tufts.edu/hopper/text?doc=Perseus:text:1999.04.0057:entry=e)pilh/ptwr,noun
ψυκτήρ,['ψύχω'],- wine-cooler,https://www.perseus.tufts.edu/hopper/text?doc=Perseus:text:1999.04.0057:entry=yukth/r,noun
ἀπαμήτωρ,"['ἀπό', 'ἀμέρδω']",- shearing off,https://www.perseus.tufts.edu/hopper/text?doc=Perseus:text:1999.04.0057:entry=a)pamh/twr,noun
πλάκτωρ,['πλήσσω'],- striker,https://www.perseus.tufts.edu/hopper/text?doc=Perseus:text:1999.04.0057:entry=pla/ktwr,noun
χιλιαστήρ,['χιλιαστύς'],- member of a,https://www.perseus.tufts.edu/hopper/text?doc=Perseus:text:1999.04.0057:entry=xiliasth/r,noun
ψευδοπάτωρ,"['ψευδής', 'πατήρ']","- false, unnatural father",https://www.perseus.tufts.edu/hopper/text?doc=Perseus:text:1999.04.0057:entry=yeudopa/twr,noun
ποθήτωρ,['ποθέω'],- one who longs,https://www.perseus.tufts.edu/hopper/text?doc=Perseus:text:1999.04.0057:entry=poqh/twr,noun
παραινετήρ,"['παρά', 'αἰνέω']","- encourager, adviser",https://www.perseus.tufts.edu/hopper/text?doc=Perseus:text:1999.04.0057:entry=paraineth/r,noun
ἐθελοντήρ,['ἐθέλω'],- volunteer,https://www.perseus.tufts.edu/hopper/text?doc=Perseus:text:1999.04.0057:entry=e)qelonth/r,noun
ἀμαρησκαπτήρ,"['ἀμάρα', 'σκαπτήρ']",- digger of trenches,https://www.perseus.tufts.edu/hopper/text?doc=Perseus:text:1999.04.0057:entry=a)marhskapth/r,noun
ἁγιαστήρ,['ἁγιάζω'],,,
βρυχητήρ,['βρυχάομαι'],- roarer,https://www.perseus.tufts.edu/hopper/text?doc=Perseus:text:1999.04.0057:entry=bruxhth/r,noun
χειρογάστωρ,"['χείρ', 'γαστήρ']",- one who fills his belly with his hands; lives by handiwork,https://www.perseus.tufts.edu/hopper/text?doc=Perseus:text:1999.04.0057:entry=xeiroga/stwr,noun
φάντωρ,['φαίνω'],- one who displays,https://www.perseus.tufts.edu/hopper/text?doc=Perseus:text:1999.04.0057:entry=fa/ntwr,noun
