lemma;derivation;meaning;lsj_ulr;pos;Clean
πληκτήρ;[];;https://www.perseus.tufts.edu/hopper/text?doc=Perseus:text:1999.04.0057:entry=plhkth/r;noun;yes
κλονιστήρ;[];;;;no
διιθυντήρ;[];;https://www.perseus.tufts.edu/hopper/text?doc=Perseus:text:1999.04.0057:entry=diiqunth/r;noun;yes
μελέτωρ;['μέλω'];- one who cares for, an avenger;https://www.perseus.tufts.edu/hopper/text?doc=Perseus:text:1999.04.0057:entry=mele/twr;noun;yes
ὡροκράτωρ;['ὥρα', 'κρατέω'];- the lord of the hour;https://www.perseus.tufts.edu/hopper/text?doc=Perseus:text:1999.04.0057:entry=w(rokra/twr;noun;yes
κτίστωρ;['κτίζω'];;https://www.perseus.tufts.edu/hopper/text?doc=Perseus:text:1999.04.0057:entry=kti/stwr;noun;yes
σαωτήρ;[];;https://www.perseus.tufts.edu/hopper/text?doc=Perseus:text:1999.04.0057:entry=sawth/r;;no
ἀλητήρ;['ἀλήτης'];- dance;https://www.perseus.tufts.edu/hopper/text?doc=Perseus:text:1999.04.0057:entry=a)lhth/r;noun;no
ἐξαυστήρ;['ἐξ', 'αὔω'];- flesh-hook for taking meat out of a pot;https://www.perseus.tufts.edu/hopper/text?doc=Perseus:text:1999.04.0057:entry=e)causth/r;noun;yes
φοιβήτωρ;[];;https://www.perseus.tufts.edu/hopper/text?doc=Perseus:text:1999.04.0057:entry=foibh/twr;noun;no
πολυμήτωρ;['πολύς', 'μήτηρ'];- mother of many;https://www.perseus.tufts.edu/hopper/text?doc=Perseus:text:1999.04.0057:entry=polumh/twr;noun;no
παιδολετήρ;['παῖς', 'ὄλλυμι'];"- child-slaying; murderess of her children";https://www.perseus.tufts.edu/hopper/text?doc=Perseus:text:1999.04.0057:entry=paidoleth/r;noun;yes
ἁρμελατήρ;['ἅρμα', 'ἐλαύνω'];- charioteer;https://www.perseus.tufts.edu/hopper/text?doc=Perseus:text:1999.04.0057:entry=a(rmelath/r;noun;yes
καταπειρατήρ;[];;;;no
ὀρύκτωρ;[];;;;no
ἐκσκέπτωρ;[];;;;yes
δικαστήρ;['δικάζω'];- Foed.Delph. Pell;https://www.perseus.tufts.edu/hopper/text?doc=Perseus:text:1999.04.0057:entry=dikasth/r;noun;yes
αὐλητήρ;['αὐλέω'];;https://www.perseus.tufts.edu/hopper/text?doc=Perseus:text:1999.04.0057:entry=au)lhth/r;noun;yes
κηνσίτωρ;['κῆνσος'];- censitor;https://www.perseus.tufts.edu/hopper/text?doc=Perseus:text:1999.04.0057:entry=khnsi/twr;;yes
βατήρ;['βαίνω'];"- that on which one treads, threshold; base";https://www.perseus.tufts.edu/hopper/text?doc=Perseus:text:1999.04.0057:entry=bath/r;noun;yes
ὑπερίστωρ;['ὑπέρ', 'ἴστωρ'];- knowing but too well;https://www.perseus.tufts.edu/hopper/text?doc=Perseus:text:1999.04.0057:entry=u(peri/stwr;noun;yes
ῥεκτήρ;['ῥέζω'];- worker, doer;https://www.perseus.tufts.edu/hopper/text?doc=Perseus:text:1999.04.0057:entry=r(ekth/r;noun;yes
θρηνήτωρ;['θρηνέω'];;https://www.perseus.tufts.edu/hopper/text?doc=Perseus:text:1999.04.0057:entry=qrhnh/twr;noun;yes
εὐνητήρ;['εὐνάω'];"- a bedfellow, husband; bed; cease";https://www.perseus.tufts.edu/hopper/text?doc=Perseus:text:1999.04.0057:entry=eu)nhth/r;noun;yes
ἀμυντήρ;['ἀμύνω'];- defender;https://www.perseus.tufts.edu/hopper/text?doc=Perseus:text:1999.04.0057:entry=a)munth/r;noun;yes
Πίκτωρ;[];;;noun;no
ἠλέκτωρ;[];"- the beaming sun; fire";https://www.perseus.tufts.edu/hopper/text?doc=Perseus:text:1999.04.0057:entry=h)le/ktwr;noun;yes
φυσακτήρ;['φυσάω'];;https://www.perseus.tufts.edu/hopper/text?doc=Perseus:text:1999.04.0057:entry=fusakth/r;;yes
παρευναστήρ;['παρευνάζω'];"- one who sleeps beside; chamberlain";https://www.perseus.tufts.edu/hopper/text?doc=Perseus:text:1999.04.0057:entry=pareunasth/r;noun;yes
ἀγωνοθετήρ;['ἀγών', 'τίθημι'];;https://www.perseus.tufts.edu/hopper/text?doc=Perseus:text:1999.04.0057:entry=a)gwnoqeth/r;noun;yes
ἁρμόστωρ;['ἁρμόζω'];- commander;https://www.perseus.tufts.edu/hopper/text?doc=Perseus:text:1999.04.0057:entry=a(rmo/stwr;noun;yes
κωπητήρ;['κώπη'];;https://www.perseus.tufts.edu/hopper/text?doc=Perseus:text:1999.04.0057:entry=kwphth/r;noun;no
νήκτωρ;[];;https://www.perseus.tufts.edu/hopper/text?doc=Perseus:text:1999.04.0057:entry=nh/ktwr;noun;yes
θηήτωρ;['θεάομαι'];;;;yes
ἀφρήτωρ;['φρήτρη'];"- without brotherhood; bound by no socialtie";https://www.perseus.tufts.edu/hopper/text?doc=Perseus:text:1999.04.0057:entry=a)frh/twr;noun;no
οἰστρογενήτωρ;['οἶστρος', 'γενήτωρ'];;;;no
πρηστηροκράτωρ;['πρηστήρ', 'κρατέω'];;;;yes
φιλεστιάτωρ;['φίλος', 'ἑστιάτωρ'];- lover of feasting;https://www.perseus.tufts.edu/hopper/text?doc=Perseus:text:1999.04.0057:entry=filestia/twr;noun;yes
μυκήτωρ;[];;https://www.perseus.tufts.edu/hopper/text?doc=Perseus:text:1999.04.0057:entry=mukh/twr;noun;yes
ῥήτωρ;[];- public speaker;https://www.perseus.tufts.edu/hopper/text?doc=Perseus:text:1999.04.0057:entry=r(h/twr;noun;yes
σαώτηρ;[];;;;no
Ἀνάκτωρ;[];;;noun;no
διαδεκτήρ;['διά', 'δέχομαι'];- transmitter;https://www.perseus.tufts.edu/hopper/text?doc=Perseus:text:1999.04.0057:entry=diadekth/r;noun;yes
σφίγκτωρ;['σφίγγω'];;https://www.perseus.tufts.edu/hopper/text?doc=Perseus:text:1999.04.0057:entry=sfi/gktwr;noun;yes
ἑτερομήτωρ;['ἕτερος', 'μήτηρ'];;https://www.perseus.tufts.edu/hopper/text?doc=Perseus:text:1999.04.0057:entry=e(teromh/twr;noun;no
διοικήτωρ;[];;https://www.perseus.tufts.edu/hopper/text?doc=Perseus:text:1999.04.0057:entry=dioikh/twr;;yes
φράτωρ;[];;https://www.perseus.tufts.edu/hopper/text?doc=Perseus:text:1999.04.0057:entry=fra/twr;noun;no
ἀγγελτήρ;['ἀγγέλλω'];;;;yes
κέντωρ;['κέντρον'];- goader, driver;https://www.perseus.tufts.edu/hopper/text?doc=Perseus:text:1999.04.0057:entry=ke/ntwr;noun;yes
Δαίτωρ;[];;;noun;no
ἀγρυπνητήρ;['ἀγρυπνέω'];- watcher;https://www.perseus.tufts.edu/hopper/text?doc=Perseus:text:1999.04.0057:entry=a)grupnhth/r;noun;yes
ψυχροκαυτήρ;['ψυχρός', 'καυτήρ'];- a caustic;https://www.perseus.tufts.edu/hopper/text?doc=Perseus:text:1999.04.0057:entry=yuxrokauth/r;noun;yes
ἀλλοφρήτωρ;['ἄλλος', 'φρήτωρ'];- one of another;https://www.perseus.tufts.edu/hopper/text?doc=Perseus:text:1999.04.0057:entry=a)llofrh/twr;noun;no
θατήρ;[];- throttler;https://www.perseus.tufts.edu/hopper/text?doc=Perseus:text:1999.04.0057:entry=qath/r;noun;yes
καμπτήρ;['κάμπτω'];"- bend, angle
- turning-point in the";https://www.perseus.tufts.edu/hopper/text?doc=Perseus:text:1999.04.0057:entry=kampth/r;noun;yes
ἀμπυκτήρ;['ἀνά', 'ἀμφί'];- horse's bridle;https://www.perseus.tufts.edu/hopper/text?doc=Perseus:text:1999.04.0057:entry=a)mpukth/r;noun;yes
ἀγυρτήρ;['ἀγυρτεύω'];;https://www.perseus.tufts.edu/hopper/text?doc=Perseus:text:1999.04.0057:entry=a)gurth/r;noun;yes
συμμήστωρ;['σύν', 'μήστωρ'];- fellow-counsellor;https://www.perseus.tufts.edu/hopper/text?doc=Perseus:text:1999.04.0057:entry=summh/stwr;noun;yes
ἀγροτήρ;['ἀγρός'];- rustic;https://www.perseus.tufts.edu/hopper/text?doc=Perseus:text:1999.04.0057:entry=a)groth/r;noun;yes
δηλητήρ;['δηλέομαι'];;;noun;yes
χρηστήρ;[];;https://www.perseus.tufts.edu/hopper/text?doc=Perseus:text:1999.04.0057:entry=xrhsth/r;noun;yes
πρηστήρ;['πίμπρημι'];"- hurricane; waterspout attended with lightning
- pair of bellows
- veins of the neck when swollen by anger
- serpent";https://www.perseus.tufts.edu/hopper/text?doc=Perseus:text:1999.04.0057:entry=prhsth/r;noun;yes
ἀμφιάστωρ;['ἀμφιάζω'];;;;yes
ὑποβατήρ;['ὑπό', 'βαίνω'];"- pedestal; support";https://www.perseus.tufts.edu/hopper/text?doc=Perseus:text:1999.04.0057:entry=u(pobath/r;noun;yes
ὑβριστήρ;['ὑβρίζω'];;https://www.perseus.tufts.edu/hopper/text?doc=Perseus:text:1999.04.0057:entry=u(bristh/r;noun;yes
ναυκράτωρ;['ναυκρατέω'];- master of a ship;https://www.perseus.tufts.edu/hopper/text?doc=Perseus:text:1999.04.0057:entry=naukra/twr;noun;yes
θηητήρ;['θεάομαι'];- one who gazes at, an admirer;https://www.perseus.tufts.edu/hopper/text?doc=Perseus:text:1999.04.0057:entry=qhhth/r;noun;yes
ἀδιούτωρ;[];;;;yes
παύστωρ;['παύω'];;https://www.perseus.tufts.edu/hopper/text?doc=Perseus:text:1999.04.0057:entry=pau/stwr;noun;yes
χαλκεομήστωρ;['χάλκεος', 'μήδομαι'];- skilled in arms;https://www.perseus.tufts.edu/hopper/text?doc=Perseus:text:1999.04.0057:entry=xalkeomh/stwr;noun;yes
κονρήκτωρ;[];;;;yes
προκουράτωρ;[];;;;yes
ὀργανοπήκτωρ;['ὄργανον', 'πήγνυμι'];;https://www.perseus.tufts.edu/hopper/text?doc=Perseus:text:1999.04.0057:entry=o)rganoph/ktwr;noun;yes
κουαίστωρ;[];;;;yes
συλλήπτωρ;['σύν', 'λαμβάνω'];- accomplice, assistant;https://www.perseus.tufts.edu/hopper/text?doc=Perseus:text:1999.04.0057:entry=sullh/ptwr;noun;yes
σωματοφρουρητήρ;['σῶμα', 'φρουρητήρ'];;https://www.perseus.tufts.edu/hopper/text?doc=Perseus:text:1999.04.0057:entry=swmatofrourhth/r;noun;yes
πυρσευτήρ;['πυρσεύω'];- one who heats a bath;https://www.perseus.tufts.edu/hopper/text?doc=Perseus:text:1999.04.0057:entry=purseuth/r;noun;yes
χερμαστήρ;['χερμάς'];- slinger;https://www.perseus.tufts.edu/hopper/text?doc=Perseus:text:1999.04.0057:entry=xermasth/r;noun;yes
θεοσέπτωρ;['θεός', 'σέβω'];;https://www.perseus.tufts.edu/hopper/text?doc=Perseus:text:1999.04.0057:entry=qeose/ptwr;noun;yes
συργάστωρ;['σύρω', 'γαστήρ'];;;noun;no
κτήτωρ;['κτάομαι'];- possessor, owner;https://www.perseus.tufts.edu/hopper/text?doc=Perseus:text:1999.04.0057:entry=kth/twr;noun;yes
εὐνήτωρ;[];;https://www.perseus.tufts.edu/hopper/text?doc=Perseus:text:1999.04.0057:entry=eu)nh/twr;noun;yes
Ἀγήτωρ;[];- Leader;https://www.perseus.tufts.edu/hopper/text?doc=Perseus:text:1999.04.0057:entry=*)agh/twr;noun;no
ῥυστήρ;['ἐρύω'];"- deliverer
- rein";https://www.perseus.tufts.edu/hopper/text?doc=Perseus:text:1999.04.0057:entry=r(usth/r;noun;yes
ἐπιτακτήρ;['ἐπί', 'τάσσω'];;https://www.perseus.tufts.edu/hopper/text?doc=Perseus:text:1999.04.0057:entry=e)pitakth/r;noun;yes
κουβίτωρ;[];;;;yes
ἡβήτωρ;[];;https://www.perseus.tufts.edu/hopper/text?doc=Perseus:text:1999.04.0057:entry=h(bh/twr;noun;yes
πνευματοκλήτωρ;['πνεῦμα', 'καλέω'];;;;yes
πειστήρ;['πείθω'];- one who obeys;https://www.perseus.tufts.edu/hopper/text?doc=Perseus:text:1999.04.0057:entry=peisth/r;noun;yes
ἀγρευτήρ;['ἀγρεύω'];;https://www.perseus.tufts.edu/hopper/text?doc=Perseus:text:1999.04.0057:entry=a)greuth/r;noun;yes
κλωστήρ;['κλώθω'];"- spindle
- thread, yarn";https://www.perseus.tufts.edu/hopper/text?doc=Perseus:text:1999.04.0057:entry=klwsth/r;noun;yes
διοτήρ;[];;https://www.perseus.tufts.edu/hopper/text?doc=Perseus:text:1999.04.0057:entry=dioth/r;;yes
κλωποπάτωρ;['κλώψ', 'πατήρ'];- son of a thief;https://www.perseus.tufts.edu/hopper/text?doc=Perseus:text:1999.04.0057:entry=klwpopa/twr;noun;no
περιχαρακτήρ;['περί', 'χαράσσω'];- instrument for detaching;https://www.perseus.tufts.edu/hopper/text?doc=Perseus:text:1999.04.0057:entry=perixarakth/r;noun;yes
μαμμοπάτωρ;['μάμμα', 'πατήρ'];- maternal grandfather;https://www.perseus.tufts.edu/hopper/text?doc=Perseus:text:1999.04.0057:entry=mammopa/twr;noun;no
ἱεροφάντωρ;[];;https://www.perseus.tufts.edu/hopper/text?doc=Perseus:text:1999.04.0057:entry=i(erofa/ntwr;;yes
ὁμοπάτωρ;['ὁμός', 'πατήρ'];;;noun;no
δειπνοκλήτωρ;['δεῖπνον', 'κλήτωρ'];- one who invites to dinner;https://www.perseus.tufts.edu/hopper/text?doc=Perseus:text:1999.04.0057:entry=deipnoklh/twr;noun;yes
εὐαστήρ;['εὐάζω'];- in;https://www.perseus.tufts.edu/hopper/text?doc=Perseus:text:1999.04.0057:entry=eu)asth/r;noun;yes
ὑπασπιστήρ;['ὑπό', 'ἀσπίς'];- shield-bearing;https://www.perseus.tufts.edu/hopper/text?doc=Perseus:text:1999.04.0057:entry=u(paspisth/r;noun;yes
ἀφήτωρ;['ἀπό', 'ἵημι'];"- archer; prophet";https://www.perseus.tufts.edu/hopper/text?doc=Perseus:text:1999.04.0057:entry=a)fh/twr;noun;yes
φυλάκτωρ;[];;https://www.perseus.tufts.edu/hopper/text?doc=Perseus:text:1999.04.0057:entry=fula/ktwr;noun;yes
ἀβολήτωρ;['ἀβολέω'];- one who meets;https://www.perseus.tufts.edu/hopper/text?doc=Perseus:text:1999.04.0057:entry=a)bolh/twr;noun;yes
Πολύκτωρ;[];;;noun;no
σαυρωτήρ;['σαύρα'];"- ferrule; spike";https://www.perseus.tufts.edu/hopper/text?doc=Perseus:text:1999.04.0057:entry=saurwth/r;noun;?
συσφιγκτήρ;['σύν', 'σφίγγω'];;https://www.perseus.tufts.edu/hopper/text?doc=Perseus:text:1999.04.0057:entry=susfigkth/r;noun;yes
μηλοβοτήρ;['μῆλον', 'βόσκω'];- shepherd;https://www.perseus.tufts.edu/hopper/text?doc=Perseus:text:1999.04.0057:entry=mhloboth/r;noun;yes
γομφωτήρ;['γομφόω'];"- a ship-builder
- surgical instrument for excising bone";https://www.perseus.tufts.edu/hopper/text?doc=Perseus:text:1999.04.0057:entry=gomfwth/r;noun;yes
ἐκπορθήτωρ;['ἐκ', 'πορθέω'];- waster, destroyer;https://www.perseus.tufts.edu/hopper/text?doc=Perseus:text:1999.04.0057:entry=e)kporqh/twr;noun;yes
ὀψωνάτωρ;[];"- caterer; obsonator";https://www.perseus.tufts.edu/hopper/text?doc=Perseus:text:1999.04.0057:entry=o)ywna/twr;noun;yes
σημάντωρ;['σημαίνω'];"- one who gives a signal, leader, commander; driver; herdsman";https://www.perseus.tufts.edu/hopper/text?doc=Perseus:text:1999.04.0057:entry=shma/ntwr;noun;yes
καυστήρ;['καίω'];- cauterizing apparatus;https://www.perseus.tufts.edu/hopper/text?doc=Perseus:text:1999.04.0057:entry=kausth/r;noun;yes
μασητήρ;['μασάομαι'];"- chewer; chewing";https://www.perseus.tufts.edu/hopper/text?doc=Perseus:text:1999.04.0057:entry=mashth/r;noun;yes
δησέρτωρ;[];;;;yes
μνηστήρ;['μνάομαι'];- wooer, suitor;https://www.perseus.tufts.edu/hopper/text?doc=Perseus:text:1999.04.0057:entry=mnhsth/r;noun;yes
σκουβίτωρ;[];;;;yes
μεγαλογάστωρ;['μέγας', 'γαστήρ'];- big-bellied;https://www.perseus.tufts.edu/hopper/text?doc=Perseus:text:1999.04.0057:entry=megaloga/stwr;noun;no
δραστήρ;['δράω'];- cook;https://www.perseus.tufts.edu/hopper/text?doc=Perseus:text:1999.04.0057:entry=drasth/r;noun;yes
ὀλβιογάστωρ;['ὄλβιος', 'γαστήρ'];- whose happiness is in his belly, a belly-god;https://www.perseus.tufts.edu/hopper/text?doc=Perseus:text:1999.04.0057:entry=o)lbioga/stwr;noun;no
κινητήρ;['κινέω'];;https://www.perseus.tufts.edu/hopper/text?doc=Perseus:text:1999.04.0057:entry=kinhth/r;noun;yes
ἀχυροπράκτωρ;['ἄχυρον', 'πράκτωρ'];"- collector of chaff; of the tax thereon)";https://www.perseus.tufts.edu/hopper/text?doc=Perseus:text:1999.04.0057:entry=a)xuropra/ktwr;noun;yes
μοδεράτωρ;[];;;;yes
διαδέκτωρ;['διά', 'δέχομαι'];- inheritor;https://www.perseus.tufts.edu/hopper/text?doc=Perseus:text:1999.04.0057:entry=diade/ktwr;noun;yes
Ἱπποκράτωρ;[];;;noun;no
ποτήρ;['πίνω'];- drinking-cup;https://www.perseus.tufts.edu/hopper/text?doc=Perseus:text:1999.04.0057:entry=poth/r;noun;yes
κομιστήρ;['κομίζω'];;https://www.perseus.tufts.edu/hopper/text?doc=Perseus:text:1999.04.0057:entry=komisth/r;noun;yes
ὁμομήτωρ;[];;https://www.perseus.tufts.edu/hopper/text?doc=Perseus:text:1999.04.0057:entry=o(momh/twr;noun;no
ταμιεύτωρ;['ταμιεύω'];;https://www.perseus.tufts.edu/hopper/text?doc=Perseus:text:1999.04.0057:entry=tamieu/twr;noun;yes
γενετήρ;[];- parents;https://www.perseus.tufts.edu/hopper/text?doc=Perseus:text:1999.04.0057:entry=geneth/r;noun;yes
ἐξυμενιστήρ;['ἐξ', 'ὐμενίζω'];"- flaying; dissecting knife";https://www.perseus.tufts.edu/hopper/text?doc=Perseus:text:1999.04.0057:entry=e)cumenisth/r;noun;yes
ὀϊστευτήρ;['ὀϊστεύω'];;;noun;yes
ἐπιδέκτωρ;['ἐπί', 'δέχομαι'];;https://www.perseus.tufts.edu/hopper/text?doc=Perseus:text:1999.04.0057:entry=e)pide/ktwr;noun;yes
λῃστήρ;['λῃστής'];"- robber; pirate";https://www.perseus.tufts.edu/hopper/text?doc=Perseus:text:1999.04.0057:entry=lh|sth/r;noun;yes
Προτρυγητήρ;[];;;noun;no
Δημήτηρ;[];"- Aus Lydien; Griechische Dialekte; Demeter; h.Cer";https://www.perseus.tufts.edu/hopper/text?doc=Perseus:text:1999.04.0057:entry=*dhmh/thr;noun;no
βασκαντήρ;[];;;;yes
ἐκσκουβίτωρ;[];;;;yes
προγενήτωρ;[];;;;yes
Ἀκέστωρ;[];;;noun;no
σαγηνευτήρ;['σαγηνεύω'];- one who fishes with the;https://www.perseus.tufts.edu/hopper/text?doc=Perseus:text:1999.04.0057:entry=saghneuth/r;noun;yes
πιστήρ;['πιπίσκω'];;https://www.perseus.tufts.edu/hopper/text?doc=Perseus:text:1999.04.0057:entry=pisth/r;noun;yes
εὐρυγάστωρ;['εὐρύς', 'γαστήρ'];- big-bellied;https://www.perseus.tufts.edu/hopper/text?doc=Perseus:text:1999.04.0057:entry=eu)ruga/stwr;noun;no
κυνηγητήρ;['κύων', 'ἄγω'];;https://www.perseus.tufts.edu/hopper/text?doc=Perseus:text:1999.04.0057:entry=kunhghth/r;noun;yes
συνθοινάτωρ;['σύν', 'θοίνη'];- partaker in a feast;https://www.perseus.tufts.edu/hopper/text?doc=Perseus:text:1999.04.0057:entry=sunqoina/twr;noun;yes
Δμήτωρ;[];;;noun;no
ἀπειλητήρ;['ἀπό', 'εἰλέω'];- threatener, boaster;https://www.perseus.tufts.edu/hopper/text?doc=Perseus:text:1999.04.0057:entry=a)peilhth/r;noun;yes
ἑστιάτωρ;['ἑστιάω'];"- one who gives a banquet, host
- guest
- office-bearers of a religious association";https://www.perseus.tufts.edu/hopper/text?doc=Perseus:text:1999.04.0057:entry=e(stia/twr;noun;yes
ὑποχυτήρ;['ὑπό', 'χέω'];- vessel to pour;https://www.perseus.tufts.edu/hopper/text?doc=Perseus:text:1999.04.0057:entry=u(poxuth/r;noun;yes
ἀποπαύστωρ;['ἀπό', 'παύω'];;https://www.perseus.tufts.edu/hopper/text?doc=Perseus:text:1999.04.0057:entry=a)popau/stwr;noun;yes
ἀμύντωρ;['ἀμύνω'];- defender, helper;https://www.perseus.tufts.edu/hopper/text?doc=Perseus:text:1999.04.0057:entry=a)mu/ntwr;noun;yes
ταράκτωρ;['ταράσσω'];;https://www.perseus.tufts.edu/hopper/text?doc=Perseus:text:1999.04.0057:entry=tara/ktwr;noun;yes
τεχνήτωρ;['τεχνάομαι'];- artificer, maker;https://www.perseus.tufts.edu/hopper/text?doc=Perseus:text:1999.04.0057:entry=texnh/twr;noun;yes
δμητήρ;['δαμάζω'];- tamer;https://www.perseus.tufts.edu/hopper/text?doc=Perseus:text:1999.04.0057:entry=dmhth/r;noun;yes
ἑρπυστήρ;['ἑρπύζω'];- a reptile;https://www.perseus.tufts.edu/hopper/text?doc=Perseus:text:1999.04.0057:entry=e(rpusth/r;noun;yes
διασφακτήρ;['διά', 'σφάζω'];- murderous;https://www.perseus.tufts.edu/hopper/text?doc=Perseus:text:1999.04.0057:entry=diasfakth/r;noun;yes
χωνευτήρ;['χωνεύω'];;https://www.perseus.tufts.edu/hopper/text?doc=Perseus:text:1999.04.0057:entry=xwneuth/r;noun;yes
κλητήρ;['καλέω'];"- summoner; witness who gave evidence that the legal summons had been served";https://www.perseus.tufts.edu/hopper/text?doc=Perseus:text:1999.04.0057:entry=klhth/r;noun;yes
προμνήστωρ;['πρό', 'μνάομαι'];;;;yes
ἐπιρυτήρ;[];;;;yes
Νομήτωρ;[];;;noun;no
δωρητήρ;['δωρέω'];- giver;https://www.perseus.tufts.edu/hopper/text?doc=Perseus:text:1999.04.0057:entry=dwrhth/r;noun;yes
μονομάτωρ;[];;https://www.perseus.tufts.edu/hopper/text?doc=Perseus:text:1999.04.0057:entry=monoma/twr;noun;no
παυστήρ;['παύω'];"- one who stops; relieves";https://www.perseus.tufts.edu/hopper/text?doc=Perseus:text:1999.04.0057:entry=pausth/r;noun;yes
καλυπτήρ;['καλύπτω'];- covering, sheath;https://www.perseus.tufts.edu/hopper/text?doc=Perseus:text:1999.04.0057:entry=kalupth/r;noun;yes
λείτωρ;[];- priest;https://www.perseus.tufts.edu/hopper/text?doc=Perseus:text:1999.04.0057:entry=lei/twr;noun;yes
αἰχμητήρ;['αἰχμή'];;https://www.perseus.tufts.edu/hopper/text?doc=Perseus:text:1999.04.0057:entry=ai)xmhth/r;noun;yes
κριντήρ;['κρίνω'];;;;yes
ἱεροπράκτωρ;['ἱερός', 'πράκτωρ'];;https://www.perseus.tufts.edu/hopper/text?doc=Perseus:text:1999.04.0057:entry=i(eropra/ktwr;;yes
σβεστήρ;[];- extinguisher;https://www.perseus.tufts.edu/hopper/text?doc=Perseus:text:1999.04.0057:entry=sbesth/r;noun;yes
ἀποδοτήρ;['ἀπό', 'δίδωμι'];;;;yes
φύτωρ;['φύω'];- father;https://www.perseus.tufts.edu/hopper/text?doc=Perseus:text:1999.04.0057:entry=fu/twr;noun;yes
κρεμαστήρ;['κρεμάννυμι'];"- suspender; vasa deferentia; muscle suspending the ovaries";https://www.perseus.tufts.edu/hopper/text?doc=Perseus:text:1999.04.0057:entry=kremasth/r;noun;yes
θαλασσοκράτωρ;['θάλασσα', 'κράτος'];- master of the sea;https://www.perseus.tufts.edu/hopper/text?doc=Perseus:text:1999.04.0057:entry=qalassokra/twr;noun;yes
ψαλτήρ;['ψάλλω'];;;;yes
παγγενέτωρ;['πᾶς', 'γίγνομαι'];;https://www.perseus.tufts.edu/hopper/text?doc=Perseus:text:1999.04.0057:entry=paggene/twr;noun;yes
ὑπαφήτωρ;['ὑπό', 'ἀφήτωρ'];;;;yes
ἀνακρεμαστήρ;['ἀνά', 'κρεμάννυμι'];;https://www.perseus.tufts.edu/hopper/text?doc=Perseus:text:1999.04.0057:entry=a)nakremasth/r;noun;yes
ὑλιστήρ;['ὑλίζω'];- filter, colander;https://www.perseus.tufts.edu/hopper/text?doc=Perseus:text:1999.04.0057:entry=u(listh/r;noun;yes
Κάστωρ;[];;https://www.perseus.tufts.edu/hopper/text?doc=Perseus:text:1999.04.0057:entry=*ka/stwr;noun;no
ἕρκτωρ;['ἔρδω'];- a doer;https://www.perseus.tufts.edu/hopper/text?doc=Perseus:text:1999.04.0057:entry=e(/rktwr;noun;yes
πλήκτωρ;[];;https://www.perseus.tufts.edu/hopper/text?doc=Perseus:text:1999.04.0057:entry=plh/ktwr;;yes
Διογενέτωρ;['Ζεύς', 'γενέτωρ'];"- giving birth to Zeus; of Zeus";https://www.perseus.tufts.edu/hopper/text?doc=Perseus:text:1999.04.0057:entry=*diogene/twr;noun;no
ἐλατήρ;['ἐλαύνω'];"- driver; charioteer
- one that drives away
- a broad, flat cake
- hoopstick";https://www.perseus.tufts.edu/hopper/text?doc=Perseus:text:1999.04.0057:entry=e)lath/r;noun;yes
ἐρευνητήρ;['ἐρευνάω'];;https://www.perseus.tufts.edu/hopper/text?doc=Perseus:text:1999.04.0057:entry=e)reunhth/r;noun;yes
χρυσοπάτωρ;[];;https://www.perseus.tufts.edu/hopper/text?doc=Perseus:text:1999.04.0057:entry=xrusopa/twr;noun;no
ὀπωπητήρ;[];;https://www.perseus.tufts.edu/hopper/text?doc=Perseus:text:1999.04.0057:entry=o)pwphth/r;noun;yes
φρυγανιστήρ;['φρυγανίζω'];- one who gathers firewood;https://www.perseus.tufts.edu/hopper/text?doc=Perseus:text:1999.04.0057:entry=fruganisth/r;noun;yes
τοιχοδιφήτωρ;['τοῖχος', 'διφήτωρ'];- one who creeps through a hole in the wall;https://www.perseus.tufts.edu/hopper/text?doc=Perseus:text:1999.04.0057:entry=toixodifh/twr;noun;yes
βιοδώτωρ;['βίος', 'δίδωμι'];- furnishing a livelihood;https://www.perseus.tufts.edu/hopper/text?doc=Perseus:text:1999.04.0057:entry=biodw/twr;noun;yes
παιδολέτωρ;['παῖς', 'ὄλλυμι'];- child-murdering;https://www.perseus.tufts.edu/hopper/text?doc=Perseus:text:1999.04.0057:entry=paidole/twr;noun;yes
ὀγάστωρ;[];;;;no
ἀμπαιστήρ;[];- door-knocker;https://www.perseus.tufts.edu/hopper/text?doc=Perseus:text:1999.04.0057:entry=a)mpaisth/r;noun;yes
οἰνομήτωρ;['οἶνος', 'μήτηρ'];- mother of wine;https://www.perseus.tufts.edu/hopper/text?doc=Perseus:text:1999.04.0057:entry=oi)nomh/twr;noun;no
προγεννήτωρ;['πρό', 'γεννάω'];- forefathers;https://www.perseus.tufts.edu/hopper/text?doc=Perseus:text:1999.04.0057:entry=progennh/twr;noun;yes
νιπτήρ;['νίζω'];- washing-vessel, basin;https://www.perseus.tufts.edu/hopper/text?doc=Perseus:text:1999.04.0057:entry=nipth/r;noun;yes
πολυΐστωρ;['πολύς', 'ἵστωρ'];;;noun;yes
ὁμοπλωτήρ;['ὁμός', 'πλέω'];- one who sails in company;https://www.perseus.tufts.edu/hopper/text?doc=Perseus:text:1999.04.0057:entry=o(moplwth/r;noun;yes
ἁρμοστήρ;['ἁρμόζω'];- laid with the grain;https://www.perseus.tufts.edu/hopper/text?doc=Perseus:text:1999.04.0057:entry=a(rmosth/r;noun;yes
ἑλικτήρ;['ἑλίσσω'];"- anything twisted; ear-ring";https://www.perseus.tufts.edu/hopper/text?doc=Perseus:text:1999.04.0057:entry=e(likth/r;noun;yes
κρατήρ;['κεράννυμι'];"- mixing vessel; bowl, in which wine was mixed with water
- any cup-shaped hollow, basin";https://www.perseus.tufts.edu/hopper/text?doc=Perseus:text:1999.04.0057:entry=krath/r;noun;yes
ἀρητήρ;['ἀράομαι'];"- one that prays; priest";https://www.perseus.tufts.edu/hopper/text?doc=Perseus:text:1999.04.0057:entry=a)rhth/r;noun;yes
οἰκήτωρ;['οἰκέω'];- inhabitant;https://www.perseus.tufts.edu/hopper/text?doc=Perseus:text:1999.04.0057:entry=oi)kh/twr;noun;yes
ἀμύκτηρ;['μυκτήρ'];- without nose;https://www.perseus.tufts.edu/hopper/text?doc=Perseus:text:1999.04.0057:entry=a)mu/kthr;;yes
οἰκιστήρ;['οἰκίζω'];;https://www.perseus.tufts.edu/hopper/text?doc=Perseus:text:1999.04.0057:entry=oi)kisth/r;noun;yes
στερφωτήρ;['στέρφος'];- clad in hides;https://www.perseus.tufts.edu/hopper/text?doc=Perseus:text:1999.04.0057:entry=sterfwth/r;noun;yes
φραστήρ;['φράζω'];"- teller, expounder; of; about; that tell";https://www.perseus.tufts.edu/hopper/text?doc=Perseus:text:1999.04.0057:entry=frasth/r;noun;yes
ἡβητήρ;['ἡβάω'];;https://www.perseus.tufts.edu/hopper/text?doc=Perseus:text:1999.04.0057:entry=h(bhth/r;noun;yes
διατάκτωρ;[];;https://www.perseus.tufts.edu/hopper/text?doc=Perseus:text:1999.04.0057:entry=diata/ktwr;noun;yes
ῥύτωρ;['ἐρύω'];"- saviour, deliverer, defender; one who saves; delivers from";https://www.perseus.tufts.edu/hopper/text?doc=Perseus:text:1999.04.0057:entry=r(u/twr2;noun;yes
ἑρπηστήρ;['ἕρπω'];;https://www.perseus.tufts.edu/hopper/text?doc=Perseus:text:1999.04.0057:entry=e(rphsth/r;noun;yes
δυσευνάτωρ;['δυσ', 'εὐνάω'];;;noun;yes
ἀοσσητήρ;['ἀοσσέω'];- assistant, helper, aider;https://www.perseus.tufts.edu/hopper/text?doc=Perseus:text:1999.04.0057:entry=a)osshth/r;noun;yes
Νέστωρ;[];- Nestor;https://www.perseus.tufts.edu/hopper/text?doc=Perseus:text:1999.04.0057:entry=*ne/stwr;noun;no
φωλητήρ;['φωλεός'];"- one who lurks in a hole; keeps in one place";https://www.perseus.tufts.edu/hopper/text?doc=Perseus:text:1999.04.0057:entry=fwlhth/r;noun;yes
μυξητήρ;[];;https://www.perseus.tufts.edu/hopper/text?doc=Perseus:text:1999.04.0057:entry=muchth/r;noun;yes
ἰανάτηρ;[];;;;no
ἰχνευτήρ;['ἰχνεύω'];;;;yes
φιλοπάτωρ;['φίλος', 'πατήρ'];- loving one's father;https://www.perseus.tufts.edu/hopper/text?doc=Perseus:text:1999.04.0057:entry=filopa/twr;noun;no
νομορήτωρ;['νόμος', 'ῥήτωρ'];;https://www.perseus.tufts.edu/hopper/text?doc=Perseus:text:1999.04.0057:entry=nomorh/twr;noun;yes
ἀναψυκτήρ;['ἀνά', 'ψύχω'];- refresher;https://www.perseus.tufts.edu/hopper/text?doc=Perseus:text:1999.04.0057:entry=a)nayukth/r;noun;yes
νικήτωρ;['νικάω'];"- victorious; Legio Victrix";https://www.perseus.tufts.edu/hopper/text?doc=Perseus:text:1999.04.0057:entry=nikh/twr;noun;yes
Πολυμήστωρ;[];;;noun;no
πλοτήρ;['πλούς'];;;;yes
κριτήρ;['κρίνω'];- interpreter;https://www.perseus.tufts.edu/hopper/text?doc=Perseus:text:1999.04.0057:entry=krith/r;noun;yes
μυκτήρ;['μύσσομαι'];"- nostril; Acut.(Sp; nozzle
- trunk; funnel";https://www.perseus.tufts.edu/hopper/text?doc=Perseus:text:1999.04.0057:entry=mukth/r;noun;yes
ἐγκοιμήτωρ;['ἐν', 'κοιμάω'];- night;https://www.perseus.tufts.edu/hopper/text?doc=Perseus:text:1999.04.0057:entry=e)gkoimh/twr;;yes
ναυτοκράτωρ;[];;https://www.perseus.tufts.edu/hopper/text?doc=Perseus:text:1999.04.0057:entry=nautokra/twr;noun;yes
τριουμβουράτωρ;[];;;;?
μετάτωρ;[];;;;?
πνικτήρ;['πνίγω'];- choking;https://www.perseus.tufts.edu/hopper/text?doc=Perseus:text:1999.04.0057:entry=pnikth/r;noun;yes
πατήρ;[];"- pitṛ[snull ]u; father
- father, author
- pater patriae";https://www.perseus.tufts.edu/hopper/text?doc=Perseus:text:1999.04.0057:entry=path/r;noun;no
ἀμάτωρ;[];;https://www.perseus.tufts.edu/hopper/text?doc=Perseus:text:1999.04.0057:entry=a)ma/twr;;no
βουλευτήρ;['βουλεύω'];;https://www.perseus.tufts.edu/hopper/text?doc=Perseus:text:1999.04.0057:entry=bouleuth/r;noun;yes
καμινευτήρ;['καμινεύω'];- of a smith's bellows;https://www.perseus.tufts.edu/hopper/text?doc=Perseus:text:1999.04.0057:entry=kamineuth/r;noun;yes
γραπτήρ;['γράφω'];- writer;https://www.perseus.tufts.edu/hopper/text?doc=Perseus:text:1999.04.0057:entry=grapth/r;noun;yes
διορθωτήρ;['διά', 'ὀρθός'];;https://www.perseus.tufts.edu/hopper/text?doc=Perseus:text:1999.04.0057:entry=diorqwth/r;noun;yes
φαιρωτήρ;[];;;;yes
κάστωρ;[];- beaver, Castor fiber;https://www.perseus.tufts.edu/hopper/text?doc=Perseus:text:1999.04.0057:entry=ka/stwr;noun;no
στηθιστήρ;['στῆθος'];- poitrel;https://www.perseus.tufts.edu/hopper/text?doc=Perseus:text:1999.04.0057:entry=sthqisth/r;noun;no
βοοδμητήρ;['βοῦς', 'δμητήρ'];;;;yes
ἰθυντήρ;['ἰθύνω'];"- guide, pilot; shepherd; ruler";https://www.perseus.tufts.edu/hopper/text?doc=Perseus:text:1999.04.0057:entry=i)qunth/r;noun;yes
ἐριγάστωρ;['ἐρι', 'γαστήρ'];- pot-bellied;https://www.perseus.tufts.edu/hopper/text?doc=Perseus:text:1999.04.0057:entry=e)riga/stwr;noun;no
ὀπτήρ;[];"- one who looks; spies, spy, scout
- one who has seen; eye-witness";https://www.perseus.tufts.edu/hopper/text?doc=Perseus:text:1999.04.0057:entry=o)pth/r;noun;yes
ποδανιπτήρ;['πούς', 'νίπτω'];- vessel for washing the feet in, footpan;https://www.perseus.tufts.edu/hopper/text?doc=Perseus:text:1999.04.0057:entry=podanipth/r;noun;yes
φιλομήτηρ;['φίλος', 'μήτηρ'];;https://www.perseus.tufts.edu/hopper/text?doc=Perseus:text:1999.04.0057:entry=filomh/thr;;no
τρυπητήρ;['τρυπάω'];- pierced vessel;https://www.perseus.tufts.edu/hopper/text?doc=Perseus:text:1999.04.0057:entry=truphth/r;noun;yes
κοινομήτωρ;['κοινός', 'μήτηρ'];- having a common mother;https://www.perseus.tufts.edu/hopper/text?doc=Perseus:text:1999.04.0057:entry=koinomh/twr;noun;no
τιθασεύτωρ;['τιθασεύω'];;https://www.perseus.tufts.edu/hopper/text?doc=Perseus:text:1999.04.0057:entry=tiqaseu/twr;noun;yes
καταστρωτήρ;['κατά', 'στρώννυμι'];- pavement-slab;https://www.perseus.tufts.edu/hopper/text?doc=Perseus:text:1999.04.0057:entry=katastrwth/r;noun;yes
χορηγητήρ;['χορηγέω'];;;;yes
τροπωτήρ;[];;https://www.perseus.tufts.edu/hopper/text?doc=Perseus:text:1999.04.0057:entry=tropwth/r;noun;yes
ὁσιωτήρ;['ὁσιόω'];"- consecrator; the victim offered when one of the priests called";https://www.perseus.tufts.edu/hopper/text?doc=Perseus:text:1999.04.0057:entry=o(siwth/r;noun;yes
βρογχωτήρ;['βρόγχος'];- neck-hole in a garment;https://www.perseus.tufts.edu/hopper/text?doc=Perseus:text:1999.04.0057:entry=brogxwth/r;noun;yes
ἀτιμαστήρ;['ἀτιμάζω'];- dishonourer;https://www.perseus.tufts.edu/hopper/text?doc=Perseus:text:1999.04.0057:entry=a)timasth/r;noun;yes
μελπήτωρ;['μέλπω'];- singer;https://www.perseus.tufts.edu/hopper/text?doc=Perseus:text:1999.04.0057:entry=melph/twr;noun;yes
ἀροτήρ;['ἀρόω'];"- plougher, husbandman
- begetter, father";https://www.perseus.tufts.edu/hopper/text?doc=Perseus:text:1999.04.0057:entry=a)roth/r;noun;yes
προπράτωρ;[];;;noun;yes
ζῳδιοκράτωρ;['ζῴδιον', 'κρατέω'];- divinity presiding over the zodiac;https://www.perseus.tufts.edu/hopper/text?doc=Perseus:text:1999.04.0057:entry=zw|diokra/twr;noun;yes
θοινήτωρ;[];;https://www.perseus.tufts.edu/hopper/text?doc=Perseus:text:1999.04.0057:entry=qoinh/twr;noun;yes
ἀμήτωρ;['μήτηρ'];"- motherless
- that is no mother, unmotherly; childless";https://www.perseus.tufts.edu/hopper/text?doc=Perseus:text:1999.04.0057:entry=a)mh/twr;noun;no
λικμήτωρ;[];;https://www.perseus.tufts.edu/hopper/text?doc=Perseus:text:1999.04.0057:entry=likmh/twr;noun;yes
φυσητήρ;['φυσάω'];"- instrument for blowing, blowpipe; tube
- one who blows a pipe; bellows";https://www.perseus.tufts.edu/hopper/text?doc=Perseus:text:1999.04.0057:entry=fushth/r;noun;yes
στρωτήρ;['στρώννυμι'];"- rafter laid upon; cross-beam";https://www.perseus.tufts.edu/hopper/text?doc=Perseus:text:1999.04.0057:entry=strwth/r;noun;yes
Ἀλάστωρ;[];;;noun;no
χαρακτήρ;['χαράσσω'];"- engraver; one who mints coins
- mark engraved, impress, stamp; coin type, standard";https://www.perseus.tufts.edu/hopper/text?doc=Perseus:text:1999.04.0057:entry=xarakth/r;noun;yes
νεικεστήρ;['νεικέω'];"- wrangler; one who wrangles with";https://www.perseus.tufts.edu/hopper/text?doc=Perseus:text:1999.04.0057:entry=neikesth/r;noun;yes
ἀδελφοπάτηρ;['ἀδελφός', 'πατήρ'];;;;no
προσίκτωρ;['πρός', 'ἱκνέομαι'];"- one that comes to a temple, suppliant
- he to whom one comes as a suppliant, protector";https://www.perseus.tufts.edu/hopper/text?doc=Perseus:text:1999.04.0057:entry=prosi/ktwr;noun;yes
αἰνικτήρ;['αἰνίσσω'];- one who speaks darkly;https://www.perseus.tufts.edu/hopper/text?doc=Perseus:text:1999.04.0057:entry=ai)nikth/r;noun;yes
πλατυγάστωρ;['πλατύς', 'γαστήρ'];- flat-bellied;https://www.perseus.tufts.edu/hopper/text?doc=Perseus:text:1999.04.0057:entry=platuga/stwr;noun;no
ἀλοιητήρ;['ἀλοάω'];- thresher, grinder;https://www.perseus.tufts.edu/hopper/text?doc=Perseus:text:1999.04.0057:entry=a)loihth/r;noun;yes
κρατήτωρ;['κρατέω'];;https://www.perseus.tufts.edu/hopper/text?doc=Perseus:text:1999.04.0057:entry=krath/twr;noun;yes
προφήτωρ;[];;https://www.perseus.tufts.edu/hopper/text?doc=Perseus:text:1999.04.0057:entry=profh/twr;noun;yes
Ἡγήτωρ;[];;;noun;no
μαστήρ;['μαίομαι'];- seeker, searcher;https://www.perseus.tufts.edu/hopper/text?doc=Perseus:text:1999.04.0057:entry=masth/r;noun;yes
καρανιστήρ;['κάρηνον'];- beheading, touching the head;https://www.perseus.tufts.edu/hopper/text?doc=Perseus:text:1999.04.0057:entry=karanisth/r;noun;no
κρητήρ;[];;https://www.perseus.tufts.edu/hopper/text?doc=Perseus:text:1999.04.0057:entry=krhth/r;noun;yes
τοξευτήρ;['τοξεύω'];"- Centaur
- a species of wolf";https://www.perseus.tufts.edu/hopper/text?doc=Perseus:text:1999.04.0057:entry=toceuth/r;noun;yes
συμπράκτωρ;['σύν', 'πράσσω'];- helper, assistant;https://www.perseus.tufts.edu/hopper/text?doc=Perseus:text:1999.04.0057:entry=sumpra/ktwr;noun;yes
ὑμνητήρ;['ὑμνέω'];;https://www.perseus.tufts.edu/hopper/text?doc=Perseus:text:1999.04.0057:entry=u(mnhth/r;noun;yes
μεσσωτήρ;['μέσ σ ος'];;;;yes
Πολυμνήστωρ;[];;;noun;no
αἰσχυντήρ;['αἰσχύνω'];- dishonourer;https://www.perseus.tufts.edu/hopper/text?doc=Perseus:text:1999.04.0057:entry=ai)sxunth/r;noun;yes
δουπήτωρ;['δουπέω'];- clattering;https://www.perseus.tufts.edu/hopper/text?doc=Perseus:text:1999.04.0057:entry=douph/twr;noun;yes
συνεπακτήρ;['σύν', 'ἐπί', 'ἄγω'];- fellow-huntsman;https://www.perseus.tufts.edu/hopper/text?doc=Perseus:text:1999.04.0057:entry=sunepakth/r;noun;yes
προπατήρ;[];;https://www.perseus.tufts.edu/hopper/text?doc=Perseus:text:1999.04.0057:entry=propath/r;;yes
μαλατήρ;[];;;;yes
κοσμήτωρ;['κοσμέω'];"- one who marshals an army, commander, leader; guide, director";https://www.perseus.tufts.edu/hopper/text?doc=Perseus:text:1999.04.0057:entry=kosmh/twr;noun;yes
ἀλεξητήρ;['ἀλέξω'];;;noun;yes
μιμήτωρ;['μιμέομαι'];;https://www.perseus.tufts.edu/hopper/text?doc=Perseus:text:1999.04.0057:entry=mimh/twr;noun;yes
παρθενομήτωρ;['παρθένος', 'μήτηρ'];;;;no
μεγαλομήτηρ;['μέγας', 'μήτηρ'];;https://www.perseus.tufts.edu/hopper/text?doc=Perseus:text:1999.04.0057:entry=megalomh/thr;;no
διάκτωρ;[];;https://www.perseus.tufts.edu/hopper/text?doc=Perseus:text:1999.04.0057:entry=dia/ktwr;noun;yes
ξυνοδοτήρ;['ξυνός', 'δίδωμι'];;;noun;yes
κοινοπάτωρ;['κοινός', 'πατήρ'];;;;no
γεννητήρ;['γεννάω'];;https://www.perseus.tufts.edu/hopper/text?doc=Perseus:text:1999.04.0057:entry=gennhth/r;noun;yes
κατασχαστήρ;['κατά', 'σχάζω'];;https://www.perseus.tufts.edu/hopper/text?doc=Perseus:text:1999.04.0057:entry=katasxasth/r;noun;yes
ποινητήρ;['ποινάω'];- avenger;https://www.perseus.tufts.edu/hopper/text?doc=Perseus:text:1999.04.0057:entry=poinhth/r;noun;yes
Θέστωρ;[];;;noun;no
ποινάτωρ;['ποινή'];- avenger, punisher;https://www.perseus.tufts.edu/hopper/text?doc=Perseus:text:1999.04.0057:entry=poina/twr;noun;yes
ἐφεδριστήρ;['ἐφεδρίζω'];- one who plays the game;https://www.perseus.tufts.edu/hopper/text?doc=Perseus:text:1999.04.0057:entry=e)fedristh/r;noun;yes
ἀντιλήπτωρ;['ἀντί', 'λαμβάνω'];- helper, protector;https://www.perseus.tufts.edu/hopper/text?doc=Perseus:text:1999.04.0057:entry=a)ntilh/ptwr;noun;yes
δεριστήρ;['δέρη'];- horse-collar;https://www.perseus.tufts.edu/hopper/text?doc=Perseus:text:1999.04.0057:entry=deristh/r;noun;no
ὑποκριτήρ;['ὑπό', 'κρίνω'];;https://www.perseus.tufts.edu/hopper/text?doc=Perseus:text:1999.04.0057:entry=u(pokrith/r;noun;yes
Κλείτωρ;[];;;noun;no
κλιντήρ;['κλίνω'];- couch;https://www.perseus.tufts.edu/hopper/text?doc=Perseus:text:1999.04.0057:entry=klinth/r;noun;yes
σιδηρομήτωρ;['σίδηρος', 'μήτηρ'];- mother of iron;https://www.perseus.tufts.edu/hopper/text?doc=Perseus:text:1999.04.0057:entry=sidhromh/twr;noun;no
ληιβοτήρ;[];;;noun;yes
πολυάστηρ;[];;;;no
ταυροπάτωρ;['ταῦρος', 'πατήρ'];- sprung from a bull;https://www.perseus.tufts.edu/hopper/text?doc=Perseus:text:1999.04.0057:entry=tauropa/twr;noun;no
συνδοτήρ;['σύν', 'δίδωμι'];;;;yes
Ἀμήτωρ;[];;;noun;no
Λακητήρ;[];;;noun;no
δαμαντήρ;[];- tamer;https://www.perseus.tufts.edu/hopper/text?doc=Perseus:text:1999.04.0057:entry=damanth/r;noun;yes
τελέστωρ;['τελέω'];;https://www.perseus.tufts.edu/hopper/text?doc=Perseus:text:1999.04.0057:entry=tele/stwr;noun;yes
διμάτωρ;[];;;;no
ἀλάστωρ;[];"- avenging spirit; deity
- he who does deeds which merit vengeance, wretch";https://www.perseus.tufts.edu/hopper/text?doc=Perseus:text:1999.04.0057:entry=a)la/stwr;noun;yes
δυνάστωρ;[];;https://www.perseus.tufts.edu/hopper/text?doc=Perseus:text:1999.04.0057:entry=duna/stwr;noun;yes
ἀναληπτήρ;['ἀνά', 'λαμβάνω'];"- bucket; ladle; bowl";https://www.perseus.tufts.edu/hopper/text?doc=Perseus:text:1999.04.0057:entry=a)nalhpth/r;noun;yes
παρακλίντωρ;['παρά', 'κλίνω'];;https://www.perseus.tufts.edu/hopper/text?doc=Perseus:text:1999.04.0057:entry=parakli/ntwr;noun;yes
κολυμβητήρ;['κολυμβάω'];;https://www.perseus.tufts.edu/hopper/text?doc=Perseus:text:1999.04.0057:entry=kolumbhth/r;noun;yes
εὑρήτωρ;[];;https://www.perseus.tufts.edu/hopper/text?doc=Perseus:text:1999.04.0057:entry=eu(rh/twr;noun;yes
κυβερνατήρ;[];;;noun;yes
συγκτήτωρ;['σύν', 'κτάομαι'];- joint-possessor;https://www.perseus.tufts.edu/hopper/text?doc=Perseus:text:1999.04.0057:entry=sugkth/twr;noun;yes
ὑπερασπιστήρ;['ὑπέρ', 'ἀσπίς'];;;;yes
διαγγελτήρ;['διά', 'ἀγγέλλω'];;;;yes
διευθυντήρ;['διά', 'εὐθύνω'];- pilot, governor;https://www.perseus.tufts.edu/hopper/text?doc=Perseus:text:1999.04.0057:entry=dieuqunth/r;noun;yes
θρεπτήτωρ;['τρέφω'];- nourisher, feeder;https://www.perseus.tufts.edu/hopper/text?doc=Perseus:text:1999.04.0057:entry=qrepth/twr;noun;yes
λωβητήρ;['λωβάω'];"- foul slanderer; destroyer
- worthless wretch";https://www.perseus.tufts.edu/hopper/text?doc=Perseus:text:1999.04.0057:entry=lwbhth/r;noun;yes
Γανύκτωρ;[];;;noun;no
συρμιστήρ;[];"- one who sells shavings; for firing";https://www.perseus.tufts.edu/hopper/text?doc=Perseus:text:1999.04.0057:entry=surmisth/r;noun;no
κακοήτωρ;['κακός', 'ἦτορ'];;;;yes
ἀίστωρ;['ἴστωρ'];;;noun;yes
στεγαστήρ;['στεγάζω'];"- coverer; tile";https://www.perseus.tufts.edu/hopper/text?doc=Perseus:text:1999.04.0057:entry=stegasth/r;noun;yes
ὀνειδιστήρ;['ὀνειδίζω'];- abusive;https://www.perseus.tufts.edu/hopper/text?doc=Perseus:text:1999.04.0057:entry=o)neidisth/r;noun;yes
πολυμνήστωρ;[];;https://www.perseus.tufts.edu/hopper/text?doc=Perseus:text:1999.04.0057:entry=polumnh/stwr;;yes
ἐντεσιμήστωρ;['ἔντος', 'μήστωρ'];- skilled in arms;https://www.perseus.tufts.edu/hopper/text?doc=Perseus:text:1999.04.0057:entry=e)ntesimh/stwr;noun;yes
δευτήρ;['δεύω'];- kettle, cauldron;https://www.perseus.tufts.edu/hopper/text?doc=Perseus:text:1999.04.0057:entry=deuth/r;noun;yes
θηράτωρ;['θηράω'];;https://www.perseus.tufts.edu/hopper/text?doc=Perseus:text:1999.04.0057:entry=qhra/twr;noun;yes
θηρατήρ;['θηράω'];;https://www.perseus.tufts.edu/hopper/text?doc=Perseus:text:1999.04.0057:entry=qhrath/r;noun;yes
παγκράτωρ;['πᾶς', 'κράτος'];- all-powerful;https://www.perseus.tufts.edu/hopper/text?doc=Perseus:text:1999.04.0057:entry=pagkra/twr;noun;yes
ὀπτευτήρ;['ὀπτάω'];- forger;https://www.perseus.tufts.edu/hopper/text?doc=Perseus:text:1999.04.0057:entry=o)pteuth/r;noun;yes
διζήτωρ;['δίζημαι'];;;;yes
ῥαιστήρ;['ῥαίω'];"- smasher; hammer";https://www.perseus.tufts.edu/hopper/text?doc=Perseus:text:1999.04.0057:entry=r(aisth/r;noun;yes
προδέκτωρ;['πρό', 'δείκνυμι'];- foreshower;https://www.perseus.tufts.edu/hopper/text?doc=Perseus:text:1999.04.0057:entry=prode/ktwr;noun;yes
προπάτωρ;['πρό', 'πατήρ'];"- first founder of a family, forefather; ancestor; primal god; PMag. Leid.V; ancestors, forefathers; founders, inventors";https://www.perseus.tufts.edu/hopper/text?doc=Perseus:text:1999.04.0057:entry=propa/twr;noun;no
ὀπηδητήρ;['ὀπηδέω'];;https://www.perseus.tufts.edu/hopper/text?doc=Perseus:text:1999.04.0057:entry=o)phdhth/r;;yes
ἀποτακτήρ;['ἀπό', 'τάσσω'];- anchorite, hermit;https://www.perseus.tufts.edu/hopper/text?doc=Perseus:text:1999.04.0057:entry=a)potakth/r;noun;yes
δρηστήρ;['διδράσκω'];"- labourer, working man
- runaway";https://www.perseus.tufts.edu/hopper/text?doc=Perseus:text:1999.04.0057:entry=drhsth/r;noun;yes
ἀλεξήτωρ;['ἀλέξω'];;https://www.perseus.tufts.edu/hopper/text?doc=Perseus:text:1999.04.0057:entry=a)lech/twr;noun;yes
λυμαντήρ;['λυμαίνω'];- spoiler, destroyer;https://www.perseus.tufts.edu/hopper/text?doc=Perseus:text:1999.04.0057:entry=lumanth/r;noun;yes
βουκινάτωρ;['βούκινον'];;;;yes
βαπτιστήρ;['βαπτίζω'];;;;yes
λωβήτωρ;['λωβάω'];;https://www.perseus.tufts.edu/hopper/text?doc=Perseus:text:1999.04.0057:entry=lwbh/twr;noun;yes
νωμήτωρ;['νωμάω'];"- one who distributes
- one who guides, moves";https://www.perseus.tufts.edu/hopper/text?doc=Perseus:text:1999.04.0057:entry=nwmh/twr;noun;yes
πολυπρήκτωρ;[];;;;yes
ἐπαμβατήρ;['ἐπί', 'ἀνά', 'βαίνω'];- one who mounts upon, assailant;https://www.perseus.tufts.edu/hopper/text?doc=Perseus:text:1999.04.0057:entry=e)pambath/r;noun;yes
σεκούτωρ;[];;;;yes
Ἀρέστωρ;[];;;noun;no
τιθηνευτήρ;['τιθηνέω'];;;;yes
δοριμήστωρ;['δόρυ', 'μήστωρ'];- master of the spear;https://www.perseus.tufts.edu/hopper/text?doc=Perseus:text:1999.04.0057:entry=dorimh/stwr;noun;yes
ὠμηστήρ;['ὠμός', 'ἔδω'];;https://www.perseus.tufts.edu/hopper/text?doc=Perseus:text:1999.04.0057:entry=w)mhsth/r;noun;yes
ἀντλητήρ;['ἀντλέω'];"- one who drawswater
- ladle";https://www.perseus.tufts.edu/hopper/text?doc=Perseus:text:1999.04.0057:entry=a)ntlhth/r;noun;yes
σιτολογοπράκτωρ;['σῖτος', 'λέγω', 'πράκτωρ'];- collector of dues for;https://www.perseus.tufts.edu/hopper/text?doc=Perseus:text:1999.04.0057:entry=sitologopra/ktwr;noun;yes
ἰχθυσιληϊστήρ;['ἰχθῦς', 'ληϊστήρ'];;;noun;yes
γλυπτήρ;['γλύφω'];- graving tool, chisel;https://www.perseus.tufts.edu/hopper/text?doc=Perseus:text:1999.04.0057:entry=glupth/r;noun;yes
ἀμητήρ;['ἀμάω'];- reaper;https://www.perseus.tufts.edu/hopper/text?doc=Perseus:text:1999.04.0057:entry=a)mhth/r;noun;yes
ἐπιβήτωρ;['ἐπί', 'βαίνω'];"- one who mounts
- springing";https://www.perseus.tufts.edu/hopper/text?doc=Perseus:text:1999.04.0057:entry=e)pibh/twr;noun;yes
μαίστωρ;[];;;;yes
δέκτωρ;['δέχομαι'];"- one who takes upon himself; on his own head";https://www.perseus.tufts.edu/hopper/text?doc=Perseus:text:1999.04.0057:entry=de/ktwr;noun;yes
ἡγήτωρ;['ἡγέομαι'];"- f; leader, commander, chief";https://www.perseus.tufts.edu/hopper/text?doc=Perseus:text:1999.04.0057:entry=h(gh/twr;noun;yes
θεομήστωρ;['θεός', 'μήδομαι'];"- like the gods in counsel
- devised by God";https://www.perseus.tufts.edu/hopper/text?doc=Perseus:text:1999.04.0057:entry=qeomh/stwr;noun;yes
τευκτήρ;['τεύχω'];- maker;https://www.perseus.tufts.edu/hopper/text?doc=Perseus:text:1999.04.0057:entry=teukth/r;noun;yes
βακχεύτωρ;['βακχεύω'];;;noun;yes
Καλήτωρ;[];;;noun;no
ἰκριωτήρ;['ἴκριον'];"- upright
- joists";https://www.perseus.tufts.edu/hopper/text?doc=Perseus:text:1999.04.0057:entry=i)kriwth/r;noun;yes
ἐπαγγελτήρ;['ἐπί', 'ἀγγέλλω'];- envoy who announces a festival;https://www.perseus.tufts.edu/hopper/text?doc=Perseus:text:1999.04.0057:entry=e)paggelth/r;noun;yes
ἕστωρ;[];- peg at the end of the pole;https://www.perseus.tufts.edu/hopper/text?doc=Perseus:text:1999.04.0057:entry=e(/stwr;noun;yes
ἀθλητήρ;['ἀθλέω'];;https://www.perseus.tufts.edu/hopper/text?doc=Perseus:text:1999.04.0057:entry=a)qlhth/r;noun;yes
συριστήρ;['συρίζω'];;;;yes
ὀλετήρ;['ὄλλυμι'];- destroyer, murderer;https://www.perseus.tufts.edu/hopper/text?doc=Perseus:text:1999.04.0057:entry=o)leth/r;noun;yes
ἵκτωρ;[];;https://www.perseus.tufts.edu/hopper/text?doc=Perseus:text:1999.04.0057:entry=i(/ktwr;noun;yes
μητάτωρ;[];;;;yes
αἰνοπάτηρ;['αἰνός', 'πατήρ'];- unhappy father;https://www.perseus.tufts.edu/hopper/text?doc=Perseus:text:1999.04.0057:entry=ai)nopa/thr;;no
ἐγγλωττογάστωρ;['ἐν', 'γλῶττα', 'γαστήρ'];;https://www.perseus.tufts.edu/hopper/text?doc=Perseus:text:1999.04.0057:entry=e)gglwttoga/stwr;noun;no
κοροράτωρ;[];;;;yes
παναλάστωρ;['πᾶς', 'ἀλάστωρ'];;https://www.perseus.tufts.edu/hopper/text?doc=Perseus:text:1999.04.0057:entry=panala/stwr;noun;yes
προβλήτωρ;['πρό', 'βάλλω'];- producer;https://www.perseus.tufts.edu/hopper/text?doc=Perseus:text:1999.04.0057:entry=problh/twr;noun;yes
πενθητήρ;['πενθέω'];"- mourner; she who mourns for";https://www.perseus.tufts.edu/hopper/text?doc=Perseus:text:1999.04.0057:entry=penqhth/r;noun;yes
δώτωρ;[];- giver;https://www.perseus.tufts.edu/hopper/text?doc=Perseus:text:1999.04.0057:entry=dw/twr;noun;yes
βραχιονιστήρ;['βραχίων'];- armlet;https://www.perseus.tufts.edu/hopper/text?doc=Perseus:text:1999.04.0057:entry=braxionisth/r;noun;no
ληΐστωρ;['ληΐζομαι'];;;noun;yes
πλαγκτήρ;['πλάζω'];"- he that leads astray, the beguiler; the roamer";https://www.perseus.tufts.edu/hopper/text?doc=Perseus:text:1999.04.0057:entry=plagkth/r;noun;yes
γνωστήρ;['γιγνώσκω'];"- one that knows: surety; witness to identity";https://www.perseus.tufts.edu/hopper/text?doc=Perseus:text:1999.04.0057:entry=gnwsth/r;noun;yes
περονητήρ;[];- buckle, brooch;https://www.perseus.tufts.edu/hopper/text?doc=Perseus:text:1999.04.0057:entry=peronhth/r;noun;yes
ἀντλιαντλητήρ;['ἀντλίον', 'ἀντλητήρ'];- bucket;https://www.perseus.tufts.edu/hopper/text?doc=Perseus:text:1999.04.0057:entry=a)ntliantlhth/r;noun;yes
νικατήρ;['νικάω'];;https://www.perseus.tufts.edu/hopper/text?doc=Perseus:text:1999.04.0057:entry=nikath/r;noun;yes
κυέστωρ;[];;;;yes
Ὀνήτωρ;[];;;noun;no
στράτωρ;[];- strator, groom;https://www.perseus.tufts.edu/hopper/text?doc=Perseus:text:1999.04.0057:entry=stra/twr;;yes
φρήτωρ;[];;https://www.perseus.tufts.edu/hopper/text?doc=Perseus:text:1999.04.0057:entry=frh/twr;;no
ἀφεστήρ;['ἀπό', 'ἵστημι'];- president of the;https://www.perseus.tufts.edu/hopper/text?doc=Perseus:text:1999.04.0057:entry=a)festh/r;noun;yes
τιμωρητήρ;['τιμωρέω'];- avenger;https://www.perseus.tufts.edu/hopper/text?doc=Perseus:text:1999.04.0057:entry=timwrhth/r;noun;yes
θυγάτηρ;[];"- maidservant, slave; duhitár-; daughter";https://www.perseus.tufts.edu/hopper/text?doc=Perseus:text:1999.04.0057:entry=quga/thr;noun;yes
κερατήρ;[];;https://www.perseus.tufts.edu/hopper/text?doc=Perseus:text:1999.04.0057:entry=kerath/r;noun;yes
ῥαντήρ;['ῥαίνω'];"- one who wets; the inner corner of the eye
- sprinkler";https://www.perseus.tufts.edu/hopper/text?doc=Perseus:text:1999.04.0057:entry=r(anth/r;noun;yes
ἐκδέκτωρ;['ἐκ', 'δέχομαι'];- one who takes from another;https://www.perseus.tufts.edu/hopper/text?doc=Perseus:text:1999.04.0057:entry=e)kde/ktwr;noun;yes
ἐπιίστωρ;['ἐπί', 'ἴστωρ'];- privy to;https://www.perseus.tufts.edu/hopper/text?doc=Perseus:text:1999.04.0057:entry=e)pii/stwr;noun;yes
φοιτητήρ;['φοιτάω'];- in her train;https://www.perseus.tufts.edu/hopper/text?doc=Perseus:text:1999.04.0057:entry=foithth/r;noun;yes
πατροδότωρ;['πατήρ', 'δίδωμι'];;;;yes
στῆρ;[];;https://www.perseus.tufts.edu/hopper/text?doc=Perseus:text:1999.04.0057:entry=sth=r;noun;no
δυσμήτηρ;['δυσ', 'μήτηρ'];- yet no mother;https://www.perseus.tufts.edu/hopper/text?doc=Perseus:text:1999.04.0057:entry=dusmh/thr;noun;no
σφραγιστήρ;['σφραγίζω'];"- sealer; sealring, signet";https://www.perseus.tufts.edu/hopper/text?doc=Perseus:text:1999.04.0057:entry=sfragisth/r;noun;yes
τραπεζορήτωρ;['τετρα', 'πούς', 'ῥήτωρ'];- table-talker;https://www.perseus.tufts.edu/hopper/text?doc=Perseus:text:1999.04.0057:entry=trapezorh/twr;noun;yes
ἠθητήρ;[];;https://www.perseus.tufts.edu/hopper/text?doc=Perseus:text:1999.04.0057:entry=h)qhth/r;noun;yes
ἐπαμύντωρ;['ἐπί', 'ἀμύνω'];- helper, defender;https://www.perseus.tufts.edu/hopper/text?doc=Perseus:text:1999.04.0057:entry=e)pamu/ntwr;noun;yes
Μάστωρ;[];;;noun;no
κλυστήρ;['κλύζω'];- clyster-pipe, syringe;https://www.perseus.tufts.edu/hopper/text?doc=Perseus:text:1999.04.0057:entry=klusth/r;noun;yes
προηγήτωρ;[];- leader;https://www.perseus.tufts.edu/hopper/text?doc=Perseus:text:1999.04.0057:entry=prohgh/twr;noun;yes
λιτιγάτωρ;[];;;;yes
φιλομήτωρ;['φίλος', 'μήτηρ'];- loving one's mother;https://www.perseus.tufts.edu/hopper/text?doc=Perseus:text:1999.04.0057:entry=filomh/twr;noun;no
κυήτωρ;['κυέω'];;;;yes
ἁρπακτήρ;['ἁρπάζω'];- robber;https://www.perseus.tufts.edu/hopper/text?doc=Perseus:text:1999.04.0057:entry=a(rpakth/r;noun;yes
ἐπανοίκτωρ;['ἐπί', 'ἀνά', 'οἴγω'];- one who bursts open;https://www.perseus.tufts.edu/hopper/text?doc=Perseus:text:1999.04.0057:entry=e)panoi/ktwr;noun;yes
σωτήρ;['σῴζω'];- saviour, deliverer;https://www.perseus.tufts.edu/hopper/text?doc=Perseus:text:1999.04.0057:entry=swth/r;noun;yes
ἐπιτιμητήρ;['ἐπιτιμάω'];;https://www.perseus.tufts.edu/hopper/text?doc=Perseus:text:1999.04.0057:entry=e)pitimhth/r;noun;yes
κηδέστωρ;['κηδεστής'];;https://www.perseus.tufts.edu/hopper/text?doc=Perseus:text:1999.04.0057:entry=khde/stwr;noun;yes
μακιστήρ;[];- long and tedious;https://www.perseus.tufts.edu/hopper/text?doc=Perseus:text:1999.04.0057:entry=makisth/r;noun;?
ἁλιήτωρ;['ἁλιεύς'];;https://www.perseus.tufts.edu/hopper/text?doc=Perseus:text:1999.04.0057:entry=a(lih/twr;;yes
ποινήτωρ;[];- avenging;https://www.perseus.tufts.edu/hopper/text?doc=Perseus:text:1999.04.0057:entry=poinh/twr;noun;yes
ψευστήρ;['ψεύδω'];;https://www.perseus.tufts.edu/hopper/text?doc=Perseus:text:1999.04.0057:entry=yeusth/r;noun;yes
ἐξαπατητήρ;['ἐξαπατάω'];- deceiver;https://www.perseus.tufts.edu/hopper/text?doc=Perseus:text:1999.04.0057:entry=e)capathth/r;noun;yes
κλιμακτήρ;['κλῖμαξ'];"- rung of a ladder
- critical point in human life; danger";https://www.perseus.tufts.edu/hopper/text?doc=Perseus:text:1999.04.0057:entry=klimakth/r;noun;yes
Ἄκτωρ;[];;;noun;no
ἀσπιστήρ;['ἀσπίς'];;https://www.perseus.tufts.edu/hopper/text?doc=Perseus:text:1999.04.0057:entry=a)spisth/r;noun;yes
συμπρατήρ;['σύν', 'πιπράσκω'];;;noun;yes
πατροπάτωρ;['πατήρ', 'πατήρ'];- father's father;https://www.perseus.tufts.edu/hopper/text?doc=Perseus:text:1999.04.0057:entry=patropa/twr;noun;no
ἀροτρευτήρ;['ἀροτρεύω'];;https://www.perseus.tufts.edu/hopper/text?doc=Perseus:text:1999.04.0057:entry=a)rotreuth/r;noun;yes
κορσωτήρ;['κορσόω'];"- barber; Fr.anon";https://www.perseus.tufts.edu/hopper/text?doc=Perseus:text:1999.04.0057:entry=korswth/r;noun;yes
ἐλαϊστήρ;['ἐλαία'];;;noun;yes
παμμήτωρ;['πᾶς', 'μήτηρ'];"- mother of all
- a very mother";https://www.perseus.tufts.edu/hopper/text?doc=Perseus:text:1999.04.0057:entry=pammh/twr;noun;no
οὐρητήρ;['οὐρέω'];"- Aër
- the ducts which convey the urine from the kidneys into the bladder";https://www.perseus.tufts.edu/hopper/text?doc=Perseus:text:1999.04.0057:entry=ou)rhth/r;noun;yes
λικμητήρ;['λικμάω'];- winnower;https://www.perseus.tufts.edu/hopper/text?doc=Perseus:text:1999.04.0057:entry=likmhth/r;noun;yes
διαβλήτωρ;['διά', 'βάλλω'];- slanderer;https://www.perseus.tufts.edu/hopper/text?doc=Perseus:text:1999.04.0057:entry=diablh/twr;noun;yes
ζηλοδοτήρ;['ζῆλος', 'δοτήρ'];;;noun;yes
ἀρτήρ;['αἴρω'];"- felt shoe
- that by which anything is carried";https://www.perseus.tufts.edu/hopper/text?doc=Perseus:text:1999.04.0057:entry=a)rth/r;noun;yes
ἱππευτήρ;['ἱππεύω'];;https://www.perseus.tufts.edu/hopper/text?doc=Perseus:text:1999.04.0057:entry=i(ppeuth/r;noun;yes
αὐτογεννήτωρ;['αὐτός', 'γεννάω'];;;;yes
καλήτωρ;['καλέω'];- crier;https://www.perseus.tufts.edu/hopper/text?doc=Perseus:text:1999.04.0057:entry=kalh/twr;noun;yes
ὀπιπευτήρ;['ὀπιπεύω'];- starer, gaper;https://www.perseus.tufts.edu/hopper/text?doc=Perseus:text:1999.04.0057:entry=o)pipeuth/r;noun;yes
παμβώτωρ;['πᾶς', 'βόσκω'];;https://www.perseus.tufts.edu/hopper/text?doc=Perseus:text:1999.04.0057:entry=pambw/twr;noun;yes
μεσογάστωρ;['μέσος', 'γαστήρ'];"- one who is amidships; girt about the waist";https://www.perseus.tufts.edu/hopper/text?doc=Perseus:text:1999.04.0057:entry=mesoga/stwr;noun;no
πλωτήρ;['πλώω'];;;noun;yes
αγωνιστήρ;['ἀγωνίζομαι'];;;;yes
ἰχθυοθηρητήρ;['ἰχθῦς', 'θήρ'];;https://www.perseus.tufts.edu/hopper/text?doc=Perseus:text:1999.04.0057:entry=i)xquoqhrhth/r;noun;yes
νύκτωρ;['νύξ'];- by night;https://www.perseus.tufts.edu/hopper/text?doc=Perseus:text:1999.04.0057:entry=nu/ktwr;adverb;no
συνακτήρ;['σύν', 'ἄγω'];- that which draws together, pair of drawers;https://www.perseus.tufts.edu/hopper/text?doc=Perseus:text:1999.04.0057:entry=sunakth/r;noun;yes
αὐχενιστήρ;['αὐχήν'];- ligature for neck;https://www.perseus.tufts.edu/hopper/text?doc=Perseus:text:1999.04.0057:entry=au)xenisth/r;noun;no
ἀσκητήρ;['ἀσκέω'];;https://www.perseus.tufts.edu/hopper/text?doc=Perseus:text:1999.04.0057:entry=a)skhth/r;noun;yes
κλήτωρ;['καλέω'];;https://www.perseus.tufts.edu/hopper/text?doc=Perseus:text:1999.04.0057:entry=klh/twr;noun;yes
μεταλλευτήρ;['μεταλλεύω'];;;;yes
ἄκτωρ;['ἄγω'];"- leader
- leash";https://www.perseus.tufts.edu/hopper/text?doc=Perseus:text:1999.04.0057:entry=a)/ktwr;noun;yes
ἀφετήρ;['ἀπό', 'ἵημι'];- starting-point;https://www.perseus.tufts.edu/hopper/text?doc=Perseus:text:1999.04.0057:entry=a)feth/r;noun;yes
ῥοιζήτωρ;['ῥοιζέω'];- one who moves with a rushing sound;https://www.perseus.tufts.edu/hopper/text?doc=Perseus:text:1999.04.0057:entry=r(oizh/twr;noun;yes
ληϊστήρ;[];;;noun;yes
κακομήστωρ;['κακός', 'μήδομαι'];;https://www.perseus.tufts.edu/hopper/text?doc=Perseus:text:1999.04.0057:entry=kakomh/stwr;;yes
χιλωτήρ;['χιλόω'];"- nose-bag for cattle; horses";https://www.perseus.tufts.edu/hopper/text?doc=Perseus:text:1999.04.0057:entry=xilwth/r;noun;yes
διδακτήρ;['διδάσκω'];- ox-goad;https://www.perseus.tufts.edu/hopper/text?doc=Perseus:text:1999.04.0057:entry=didakth/r;noun;yes
ξιφιστήρ;['ξιφίζω'];- sword-belt, PCair. Zen;https://www.perseus.tufts.edu/hopper/text?doc=Perseus:text:1999.04.0057:entry=cifisth/r;noun;yes
παλινδωμήτωρ;['πάλιν', 'δῶμα'];;;;yes
ποδονιπτήρ;[];;https://www.perseus.tufts.edu/hopper/text?doc=Perseus:text:1999.04.0057:entry=podonipth/r;;yes
χρυσοστέπτωρ;['χρυσός', 'στέπτω'];;https://www.perseus.tufts.edu/hopper/text?doc=Perseus:text:1999.04.0057:entry=xrusoste/ptwr;noun;yes
κομάκτωρ;[];;https://www.perseus.tufts.edu/hopper/text?doc=Perseus:text:1999.04.0057:entry=koma/ktwr;noun;?
διομήτωρ;['Ζεύς', 'μήτηρ'];;https://www.perseus.tufts.edu/hopper/text?doc=Perseus:text:1999.04.0057:entry=diomh/twr;noun;no
μιάστωρ;['μιαίνω'];"- crime-stained wretch who pollutes others
- avenger";https://www.perseus.tufts.edu/hopper/text?doc=Perseus:text:1999.04.0057:entry=mia/stwr;noun;yes
ἀγκτήρ;['ἄγχω'];;https://www.perseus.tufts.edu/hopper/text?doc=Perseus:text:1999.04.0057:entry=a)gkth/r;noun;yes
νεμέτωρ;['νέμω'];- dispenser of justice, avenger;https://www.perseus.tufts.edu/hopper/text?doc=Perseus:text:1999.04.0057:entry=neme/twr;noun;yes
συμπαίστωρ;[];;https://www.perseus.tufts.edu/hopper/text?doc=Perseus:text:1999.04.0057:entry=sumpai/stwr;noun;yes
σίντωρ;[];;https://www.perseus.tufts.edu/hopper/text?doc=Perseus:text:1999.04.0057:entry=si/ntwr;noun;yes
Ἀλέκτωρ;[];;;noun;no
ὑποδρηστήρ;['ὑπό', 'δράω'];- attendant, assistant;https://www.perseus.tufts.edu/hopper/text?doc=Perseus:text:1999.04.0057:entry=u(podrhsth/r;noun;yes
κωλύτωρ;['κωλύω'];;;;yes
Ἀστήρ;[];;;noun;no
κωμάστωρ;[];;https://www.perseus.tufts.edu/hopper/text?doc=Perseus:text:1999.04.0057:entry=kwma/stwr;noun;yes
κλεπτήρ;['κλέπτω'];;https://www.perseus.tufts.edu/hopper/text?doc=Perseus:text:1999.04.0057:entry=klepth/r;noun;yes
χιμαροσφακτήρ;['χίμαρος', 'σφάζω'];- goat-slayer;https://www.perseus.tufts.edu/hopper/text?doc=Perseus:text:1999.04.0057:entry=ximarosfakth/r;noun;yes
βασιλεύτωρ;['βασιλεύς'];;https://www.perseus.tufts.edu/hopper/text?doc=Perseus:text:1999.04.0057:entry=basileu/twr;noun;yes
σάκτωρ;['σάττω'];- packer;https://www.perseus.tufts.edu/hopper/text?doc=Perseus:text:1999.04.0057:entry=sa/ktwr;noun;yes
ὑφορμιστήρ;['ὑφορμίζομαι'];- one who makes fast below;https://www.perseus.tufts.edu/hopper/text?doc=Perseus:text:1999.04.0057:entry=u(formisth/r;noun;yes
ἀποπτυστήρ;['ἀπό', 'πτύω'];- one that spits out;https://www.perseus.tufts.edu/hopper/text?doc=Perseus:text:1999.04.0057:entry=a)poptusth/r;noun;yes
ἀσπίστωρ;['ἀσπίς'];- of shielded warriors;https://www.perseus.tufts.edu/hopper/text?doc=Perseus:text:1999.04.0057:entry=a)spi/stwr;noun;yes
σφαιρωτήρ;['σφαιρόω'];"- thong, latchet
- a ball; knop";https://www.perseus.tufts.edu/hopper/text?doc=Perseus:text:1999.04.0057:entry=sfairwth/r;noun;yes
αἰσυμνητήρ;['αἰσυμνάω'];- ruler, prince;https://www.perseus.tufts.edu/hopper/text?doc=Perseus:text:1999.04.0057:entry=ai)sumnhth/r;noun;yes
διωκτήρ;['διώκω'];- pursuer;https://www.perseus.tufts.edu/hopper/text?doc=Perseus:text:1999.04.0057:entry=diwkth/r;noun;yes
κολαστήρ;['κολάζω'];;https://www.perseus.tufts.edu/hopper/text?doc=Perseus:text:1999.04.0057:entry=kolasth/r;noun;yes
μαστικτήρ;['μαστίζω'];;;noun;yes
Μήστωρ;[];;;noun;no
ἡγητήρ;['ἡγέομαι'];- a guide;https://www.perseus.tufts.edu/hopper/text?doc=Perseus:text:1999.04.0057:entry=h(ghth/r;noun;yes
διαθετήρ;['διά', 'τίθημι'];;https://www.perseus.tufts.edu/hopper/text?doc=Perseus:text:1999.04.0057:entry=diaqeth/r;noun;yes
θεομήτωρ;['θεός', 'μήτηρ'];- mother of a god;https://www.perseus.tufts.edu/hopper/text?doc=Perseus:text:1999.04.0057:entry=qeomh/twr;noun;no
προορχηστήρ;['πρό', 'ὀρχέομαι'];- one who leads the dance;https://www.perseus.tufts.edu/hopper/text?doc=Perseus:text:1999.04.0057:entry=proorxhsth/r;noun;yes
ὀπινιάτωρ;[];;;;yes
κυβερνητήρ;['κυβερνάω'];;https://www.perseus.tufts.edu/hopper/text?doc=Perseus:text:1999.04.0057:entry=kubernhth/r;noun;yes
ἀθλοθετήρ;[];;https://www.perseus.tufts.edu/hopper/text?doc=Perseus:text:1999.04.0057:entry=a)qloqeth/r;noun;yes
λίκτωρ;[];;;;yes
μήστωρ;['μήδομαι'];- adviser, counsellor;https://www.perseus.tufts.edu/hopper/text?doc=Perseus:text:1999.04.0057:entry=mh/stwr;noun;yes
Κιλλάκτωρ;[];;;noun;no
κρατύντωρ;['κρατύνω'];- ruler, controller;https://www.perseus.tufts.edu/hopper/text?doc=Perseus:text:1999.04.0057:entry=kratu/ntwr;noun;yes
τυρευτήρ;['τυρεύω'];- one who makes cheese;https://www.perseus.tufts.edu/hopper/text?doc=Perseus:text:1999.04.0057:entry=tureuth/r;noun;yes
παμμήστωρ;['πᾶς', 'μήστωρ'];- all-inventive;https://www.perseus.tufts.edu/hopper/text?doc=Perseus:text:1999.04.0057:entry=pammh/stwr;noun;yes
ἰξευτήρ;['ἰξεύω'];- fowler;https://www.perseus.tufts.edu/hopper/text?doc=Perseus:text:1999.04.0057:entry=i)ceuth/r;noun;yes
προτέκτωρ;[];;;;yes
πρωτογενέτωρ;['πρῶτος', 'γένος'];;;;yes
ἀρυστήρ;['ἀρύω'];- liquid measure;https://www.perseus.tufts.edu/hopper/text?doc=Perseus:text:1999.04.0057:entry=a)rusth/r;noun;yes
ἀπαγγελτήρ;['ἀπό', 'ἀγγέλλω'];- one who reports, messenger;https://www.perseus.tufts.edu/hopper/text?doc=Perseus:text:1999.04.0057:entry=a)paggelth/r;noun;yes
προμάτωρ;[];;https://www.perseus.tufts.edu/hopper/text?doc=Perseus:text:1999.04.0057:entry=proma/twr;noun;no
μηνύτωρ;['μηνύω'];;https://www.perseus.tufts.edu/hopper/text?doc=Perseus:text:1999.04.0057:entry=mhnu/twr;noun;yes
Νικάτωρ;[];;;noun;no
χρήστωρ;[];;https://www.perseus.tufts.edu/hopper/text?doc=Perseus:text:1999.04.0057:entry=xrh/stwr;noun;yes
βανιάτωρ;['βαλανεῖον'];;;;yes
λιτήρ;['λιτή'];;;;?
ἐπακτήρ;['ἐπί', 'ἄγω'];"- hunter, huntsman; fisherman";https://www.perseus.tufts.edu/hopper/text?doc=Perseus:text:1999.04.0057:entry=e)pakth/r;noun;yes
θεραπευτήρ;['θεραπεύω'];- attendant;https://www.perseus.tufts.edu/hopper/text?doc=Perseus:text:1999.04.0057:entry=qerapeuth/r;noun;yes
σημήτωρ;['σῆμα'];;;;?
συνίστωρ;['σύν', 'ἵστωρ'];- knowing along with;https://www.perseus.tufts.edu/hopper/text?doc=Perseus:text:1999.04.0057:entry=suni/stwr;noun;yes
βρωτήρ;['βιβρώσκω'];"- eating; moth";https://www.perseus.tufts.edu/hopper/text?doc=Perseus:text:1999.04.0057:entry=brwth/r;noun;yes
Νεμέτωρ;[];;;noun;no
κοσμητήρ;['κοσμητής'];;https://www.perseus.tufts.edu/hopper/text?doc=Perseus:text:1999.04.0057:entry=kosmhth/r;noun;yes
Ἐπίστωρ;[];;;noun;no
καυκουλάτωρ;[];;;;yes
μαλακτήρ;['μαλάσσω'];- one that melts and moulds;https://www.perseus.tufts.edu/hopper/text?doc=Perseus:text:1999.04.0057:entry=malakth/r;noun;yes
ἀπολυμαντήρ;['ἀπό', 'λυμαίνομαι'];"- destroyer; kill-joy; a devourer of remnants, lick-plate";https://www.perseus.tufts.edu/hopper/text?doc=Perseus:text:1999.04.0057:entry=a)polumanth/r;noun;yes
ὁμοκλητήρ;['ὁμοκλάω'];- shouter, threatener;https://www.perseus.tufts.edu/hopper/text?doc=Perseus:text:1999.04.0057:entry=o(moklhth/r;noun;yes
πιεστήρ;['πιέζω'];- squeezer : press;https://www.perseus.tufts.edu/hopper/text?doc=Perseus:text:1999.04.0057:entry=piesth/r;noun;yes
ἀατήρ;['ἀάω'];- dishonourer;https://www.perseus.tufts.edu/hopper/text?doc=Perseus:text:1999.04.0057:entry=a)ath/r;noun;yes
προηγητήρ;['πρό', 'ἡγέομαι'];;https://www.perseus.tufts.edu/hopper/text?doc=Perseus:text:1999.04.0057:entry=prohghth/r;noun;yes
ἀποπρωτήκτωρ;['ἀπό'];;;;yes
θωυκτήρ;['θωύσσω'];;;noun;yes
ἀρεστήρ;['ἀρέσκω'];"- a cake; propitiatory";https://www.perseus.tufts.edu/hopper/text?doc=Perseus:text:1999.04.0057:entry=a)resth/r;noun;yes
γεννήτωρ;['γεννάω'];;https://www.perseus.tufts.edu/hopper/text?doc=Perseus:text:1999.04.0057:entry=gennh/twr;noun;yes
ἀστήρ;[];"- star; shooting star; meteor
- illustrious
- star-fish
- bird; goldfinch
- blue daisy, Aster Amellus
- Samian clay
- ornament
- bandage
- birthmark in form of star; mark; stár; stella; stēr-la; stairnō";https://www.perseus.tufts.edu/hopper/text?doc=Perseus:text:1999.04.0057:entry=a)sth/r;noun;no
κραντήρ;['κραίνω'];"- one that accomplishes; complete the set; teeth; tusk
- ruler";https://www.perseus.tufts.edu/hopper/text?doc=Perseus:text:1999.04.0057:entry=kranth/r;noun;yes
κακομήτωρ;['κακός', 'μήτηρ'];- mother of ill;https://www.perseus.tufts.edu/hopper/text?doc=Perseus:text:1999.04.0057:entry=kakomh/twr;noun;no
τροχαντήρ;['τρόχος'];"- trochanter; processes";https://www.perseus.tufts.edu/hopper/text?doc=Perseus:text:1999.04.0057:entry=troxanth/r;noun;yes
τεστάτωρ;[];;;;yes
ἐπιτιμήτωρ;['ἐπιτιμάω'];- avenger;https://www.perseus.tufts.edu/hopper/text?doc=Perseus:text:1999.04.0057:entry=e)pitimh/twr;noun;yes
πορθήτωρ;['πορθέω'];;https://www.perseus.tufts.edu/hopper/text?doc=Perseus:text:1999.04.0057:entry=porqh/twr;noun;yes
χραισμήτωρ;['χραισμέω'];- protector;https://www.perseus.tufts.edu/hopper/text?doc=Perseus:text:1999.04.0057:entry=xraismh/twr;noun;yes
ἀφηγητήρ;['ἀπό', 'ἡγέομαι'];- guide;https://www.perseus.tufts.edu/hopper/text?doc=Perseus:text:1999.04.0057:entry=a)fhghth/r;noun;yes
κοιμήτωρ;['κοιμάω'];;;;yes
δοξαστήρ;['δοξάζω'];;;;yes
σακτήρ;['σάττω'];- sack;https://www.perseus.tufts.edu/hopper/text?doc=Perseus:text:1999.04.0057:entry=sakth/r;noun;yes
δωτήρ;['δίδωμι'];- giver;https://www.perseus.tufts.edu/hopper/text?doc=Perseus:text:1999.04.0057:entry=dwth/r;noun;yes
βραστήρ;['βράσσω'];- winnowing-fan;https://www.perseus.tufts.edu/hopper/text?doc=Perseus:text:1999.04.0057:entry=brasth/r;noun;yes
διφήτωρ;['διφάω'];- a searcher;https://www.perseus.tufts.edu/hopper/text?doc=Perseus:text:1999.04.0057:entry=difh/twr;noun;yes
θοινατήρ;['θοινάω'];"- one who gives a feast; feast";https://www.perseus.tufts.edu/hopper/text?doc=Perseus:text:1999.04.0057:entry=qoinath/r;noun;yes
πελεκήτωρ;['πελεκάω'];;https://www.perseus.tufts.edu/hopper/text?doc=Perseus:text:1999.04.0057:entry=pelekh/twr;noun;yes
ποιμαντήρ;['ποιμαίνω'];;https://www.perseus.tufts.edu/hopper/text?doc=Perseus:text:1999.04.0057:entry=poimanth/r;noun;yes
καταρρακτήρ;['καταρράσσω'];- down-swooping;https://www.perseus.tufts.edu/hopper/text?doc=Perseus:text:1999.04.0057:entry=katarrakth/r;noun;yes
βροντοκεραυνοπάτωρ;['βροντή', 'κεραυνός', 'πατήρ'];- father of the thunderbolt;https://www.perseus.tufts.edu/hopper/text?doc=Perseus:text:1999.04.0057:entry=brontokeraunopa/twr;noun;no
δοκιμαστήρ;['δοκιμάζω'];;https://www.perseus.tufts.edu/hopper/text?doc=Perseus:text:1999.04.0057:entry=dokimasth/r;noun;yes
προκαταγγέλτωρ;['πρό', 'κατά', 'ἀγγέλλω'];;;;yes
ἀναστατήρ;['ἀνά', 'ἵστημι'];- destroyer;https://www.perseus.tufts.edu/hopper/text?doc=Perseus:text:1999.04.0057:entry=a)nastath/r;noun;yes
Υἱοπάτωρ;['υἱός', 'πατήρ'];;;noun;no
πολυσημάντωρ;['πολύς', 'σημαίνω'];- giving commands to many, ruling over many;https://www.perseus.tufts.edu/hopper/text?doc=Perseus:text:1999.04.0057:entry=polushma/ntwr;noun;yes
κορρήκτωρ;[];;;;yes
ξυστήρ;['ξύω'];"- scraper, rasp, file; polishing instrument
- eye-salve";https://www.perseus.tufts.edu/hopper/text?doc=Perseus:text:1999.04.0057:entry=custh/r;noun;yes
προΐστωρ;['πρό', 'ἴστωρ'];;;noun;yes
ὀψητήρ;[];;https://www.perseus.tufts.edu/hopper/text?doc=Perseus:text:1999.04.0057:entry=o)yhth/r;noun;yes
καλκουλάτωρ;[];;;;yes
ταριχευτήρ;['ταριχεύω'];;https://www.perseus.tufts.edu/hopper/text?doc=Perseus:text:1999.04.0057:entry=tarixeuth/r;noun;yes
ἑψητήρ;['ἕψω'];"- dish; pan for boiling";https://www.perseus.tufts.edu/hopper/text?doc=Perseus:text:1999.04.0057:entry=e(yhth/r;noun;yes
Θεομήστωρ;[];;;noun;no
ἐπισπαστήρ;['ἐπί', 'σπάω'];"- latch; handle by which; a door is pulled to";https://www.perseus.tufts.edu/hopper/text?doc=Perseus:text:1999.04.0057:entry=e)pispasth/r;noun;yes
κιλλακτήρ;['κίλλαι', 'ἄγω'];- ass-driver;https://www.perseus.tufts.edu/hopper/text?doc=Perseus:text:1999.04.0057:entry=killakth/r;noun;yes
χριστοπάτωρ;['Χριστός', 'πατήρ'];;;;no
μεταλήπτωρ;['μετά', 'λαμβάνω'];;;;yes
θέλκτωρ;['θέλγω'];;https://www.perseus.tufts.edu/hopper/text?doc=Perseus:text:1999.04.0057:entry=qe/lktwr;noun;yes
πολιήτωρ;[];;;;yes
πράτωρ;[];;https://www.perseus.tufts.edu/hopper/text?doc=Perseus:text:1999.04.0057:entry=pra/twr;noun;yes
μαγίστωρ;[];;;;yes
φιλίστωρ;['φίλος', 'ἵστωρ'];- fond of learning;https://www.perseus.tufts.edu/hopper/text?doc=Perseus:text:1999.04.0057:entry=fili/stwr;noun;yes
ἐξομβριστήρ;['ἐξ', 'ὀμβρέω'];;;;no
φωστήρ;['φῶς'];"- that which gives light
- opening for light, door; window";https://www.perseus.tufts.edu/hopper/text?doc=Perseus:text:1999.04.0057:entry=fwsth/r;noun;yes
ἀνίστωρ;[];;https://www.perseus.tufts.edu/hopper/text?doc=Perseus:text:1999.04.0057:entry=a)ni/stwr;noun;yes
σωφρονιστήρ;['σωφρονίζω'];- wisdom-teeth;https://www.perseus.tufts.edu/hopper/text?doc=Perseus:text:1999.04.0057:entry=swfronisth/r;noun;yes
Ἀγαμήστωρ;[];;;noun;no
σκαπτήρ;['σκάπτω'];- digger;https://www.perseus.tufts.edu/hopper/text?doc=Perseus:text:1999.04.0057:entry=skapth/r;noun;yes
χρητήρ;['χρή', 'χρῄζω'];;https://www.perseus.tufts.edu/hopper/text?doc=Perseus:text:1999.04.0057:entry=xrhth/r;noun;yes
ποτισπαστήρ;['ποτί', 'σπάω'];- thong which draws;https://www.perseus.tufts.edu/hopper/text?doc=Perseus:text:1999.04.0057:entry=potispasth/r;noun;yes
Εὐπάτωρ;[];;;noun;no
Στέντωρ;[];- Stentorian, with a voice like Stentor's;https://www.perseus.tufts.edu/hopper/text?doc=Perseus:text:1999.04.0057:entry=*ste/ntwr;noun;no
στρώκτωρ;[];;;;yes
ἐπιδοτήρ;['ἐπί', 'δίδωμι'];- giver of more;https://www.perseus.tufts.edu/hopper/text?doc=Perseus:text:1999.04.0057:entry=e)pidoth/r;noun;yes
νάτωρ;['νάω'];- flowing;https://www.perseus.tufts.edu/hopper/text?doc=Perseus:text:1999.04.0057:entry=na/twr;noun;yes
Μενέστωρ;[];;;noun;no
ψαίστωρ;['ψαίω'];- one that wipes off;https://www.perseus.tufts.edu/hopper/text?doc=Perseus:text:1999.04.0057:entry=yai/stwr;noun;yes
ἀπάτωρ;['πατήρ'];"- without father; fatherless, orphan; disowned by the father; for a father";https://www.perseus.tufts.edu/hopper/text?doc=Perseus:text:1999.04.0057:entry=a)pa/twr;noun;no
ἰθύντωρ;[];;https://www.perseus.tufts.edu/hopper/text?doc=Perseus:text:1999.04.0057:entry=i)qu/ntwr;;yes
ὑποφήτωρ;['ὑπό', 'φημί'];;https://www.perseus.tufts.edu/hopper/text?doc=Perseus:text:1999.04.0057:entry=u(pofh/twr;noun;yes
ἀλέκτωρ;['λέγω'];;;noun;yes
πολυφήτωρ;[];;https://www.perseus.tufts.edu/hopper/text?doc=Perseus:text:1999.04.0057:entry=polufh/twr;noun;yes
τριπτήρ;['τετραίνω', 'τρύω'];"- pestle; mortar; board under the screw of a wine-; oil-press
- vat into which wine; oil runs after being pressed out";https://www.perseus.tufts.edu/hopper/text?doc=Perseus:text:1999.04.0057:entry=tripth/r;noun;yes
σπεκουλάτωρ;[];"- speculator; scout";https://www.perseus.tufts.edu/hopper/text?doc=Perseus:text:1999.04.0057:entry=spekoula/twr;noun;yes
ὀρθωτήρ;['ὀρθόω'];"- one who sets; keeps upright, restorer; preserver";https://www.perseus.tufts.edu/hopper/text?doc=Perseus:text:1999.04.0057:entry=o)rqwth/r;noun;yes
κωλυτήρ;['κωλύω'];;https://www.perseus.tufts.edu/hopper/text?doc=Perseus:text:1999.04.0057:entry=kwluth/r;noun;yes
πρατήρ;['πιπράσκω'];- seller;https://www.perseus.tufts.edu/hopper/text?doc=Perseus:text:1999.04.0057:entry=prath/r;noun;yes
θετήρ;['τίθημι'];;https://www.perseus.tufts.edu/hopper/text?doc=Perseus:text:1999.04.0057:entry=qeth/r;noun;yes
σοφιστορήτωρ;['σοφιστής', 'ῥήτωρ'];;https://www.perseus.tufts.edu/hopper/text?doc=Perseus:text:1999.04.0057:entry=sofistorh/twr;;yes
θεσπιστήρ;['θεσπίζω'];;;;yes
κωμήτωρ;[];;https://www.perseus.tufts.edu/hopper/text?doc=Perseus:text:1999.04.0057:entry=kwmh/twr;;yes
ζῳοδοτήρ;['ζωός', 'δίδωμι'];;;;yes
διυλιστήρ;['διά', 'ὑλίζω'];- filter, strainer;https://www.perseus.tufts.edu/hopper/text?doc=Perseus:text:1999.04.0057:entry=diulisth/r;noun;yes
Αὐτοκράτωρ;[];;;noun;no
εὐπάτωρ;['εὖ', 'πατήρ'];- a good father;https://www.perseus.tufts.edu/hopper/text?doc=Perseus:text:1999.04.0057:entry=eu)pa/twr;noun;no
διώκτωρ;[];;https://www.perseus.tufts.edu/hopper/text?doc=Perseus:text:1999.04.0057:entry=diw/ktwr;noun;yes
πατρολέτωρ;['πατήρ', 'ὄλλυμι'];- parricide;https://www.perseus.tufts.edu/hopper/text?doc=Perseus:text:1999.04.0057:entry=patrole/twr;noun;yes
ἐφυβριστήρ;['ἐπί', 'ὑβρίζω'];- insulting;https://www.perseus.tufts.edu/hopper/text?doc=Perseus:text:1999.04.0057:entry=e)fubristh/r;noun;yes
προπράκτωρ;['πρό', 'πράσσω'];;;;yes
μεταλλακτήρ;['μετά', 'ἀλλάσσω'];- one that changes;https://www.perseus.tufts.edu/hopper/text?doc=Perseus:text:1999.04.0057:entry=metallakth/r;noun;yes
κλιματήρ;[];;;;yes
στοιχειοκράτωρ;['στοιχεῖον', 'κράτος'];- who presided over the elements;https://www.perseus.tufts.edu/hopper/text?doc=Perseus:text:1999.04.0057:entry=stoixeiokra/twr;noun;yes
φιλήτωρ;['φιλέω'];"- lover
- loving";https://www.perseus.tufts.edu/hopper/text?doc=Perseus:text:1999.04.0057:entry=filh/twr;noun;yes
ἐτήρ;['ἔτος'];- one year old;https://www.perseus.tufts.edu/hopper/text?doc=Perseus:text:1999.04.0057:entry=e)th/r;noun;no
ὁδηγητήρ;['ὁδηγέω'];;https://www.perseus.tufts.edu/hopper/text?doc=Perseus:text:1999.04.0057:entry=o(dhghth/r;noun;yes
προκαθηγητήρ;['πρό', 'κατά', 'ἡγέομαι'];- wedgeshaped instrument for setting the;https://www.perseus.tufts.edu/hopper/text?doc=Perseus:text:1999.04.0057:entry=prokaqhghth/r;noun;yes
ἐποπτήρ;['ἐπί', 'ὀπτήρ'];;https://www.perseus.tufts.edu/hopper/text?doc=Perseus:text:1999.04.0057:entry=e)popth/r;noun;yes
ἐκφάντωρ;['ἐκ', 'φαίνω'];;https://www.perseus.tufts.edu/hopper/text?doc=Perseus:text:1999.04.0057:entry=e)kfa/ntwr;;yes
τραχηλιστήρ;['τραχηλίζω'];- bandage;https://www.perseus.tufts.edu/hopper/text?doc=Perseus:text:1999.04.0057:entry=traxhlisth/r;noun;yes
ναετήρ;[];;https://www.perseus.tufts.edu/hopper/text?doc=Perseus:text:1999.04.0057:entry=naeth/r;noun;yes
ἐξακεστήρ;['ἐξ', 'ἀκέομαι'];;;;yes
ἴκτηρ;[];;https://www.perseus.tufts.edu/hopper/text?doc=Perseus:text:1999.04.0057:entry=i)/kthr;;yes
ἀγχιστήρ;['ἄγχιστος'];- one who brings near;https://www.perseus.tufts.edu/hopper/text?doc=Perseus:text:1999.04.0057:entry=a)gxisth/r;noun;yes
καθηγητήρ;['κατά', 'ἡγέομαι'];;;noun;yes
ὁμογενέτωρ;['ὁμός', 'γένος'];;;noun;yes
κολαπτήρ;['κολάπτω'];- chisel;https://www.perseus.tufts.edu/hopper/text?doc=Perseus:text:1999.04.0057:entry=kolapth/r;noun;yes
Μέντωρ;[];;;noun;no
μαστίκτωρ;['μαστίζω'];- scourger;https://www.perseus.tufts.edu/hopper/text?doc=Perseus:text:1999.04.0057:entry=masti/ktwr;noun;yes
ὑποφραστήρ;['ὑπό', 'φράζω'];;;;yes
βεστίτωρ  βεστήτωρ;[];;;;yes
ἀρυτήρ;['ἀρύω'];"- ladle; cup";https://www.perseus.tufts.edu/hopper/text?doc=Perseus:text:1999.04.0057:entry=a)ruth/r;noun;yes
αὐτοκράτωρ;['αὐτός', 'κράτος'];"- one's own master
- complete master of";https://www.perseus.tufts.edu/hopper/text?doc=Perseus:text:1999.04.0057:entry=au)tokra/twr;noun;yes
μυξωτήρ;['μύξα'];;;;yes
χαλκαλέκτωρ;['χαλκός', 'ἀλέκτωρ'];;;;yes
τμητήρ;[];"- one who cuts; severs, destroyer";https://www.perseus.tufts.edu/hopper/text?doc=Perseus:text:1999.04.0057:entry=tmhth/r;noun;yes
λαμπτήρ;['λάμπω'];"- stand; grate; for lighting rooms";https://www.perseus.tufts.edu/hopper/text?doc=Perseus:text:1999.04.0057:entry=lampth/r;noun;yes
Κράντωρ;[];;;noun;no
πλουτοδοτήρ;['πλουτοδοτέω'];;https://www.perseus.tufts.edu/hopper/text?doc=Perseus:text:1999.04.0057:entry=ploutodoth/r;noun;yes
ἀνακλιντήρ;['ἀνά', 'κλίνω'];- neighbour at dinner;https://www.perseus.tufts.edu/hopper/text?doc=Perseus:text:1999.04.0057:entry=a)naklinth/r;noun;yes
ἀμπελοφύτωρ;['ἄμπελος', 'φύω'];- vine-planter;https://www.perseus.tufts.edu/hopper/text?doc=Perseus:text:1999.04.0057:entry=a)mpelofu/twr;noun;yes
κυρωτήρ;['κυρόω'];- one who has the;https://www.perseus.tufts.edu/hopper/text?doc=Perseus:text:1999.04.0057:entry=kurwth/r;noun;yes
ἐξάκτωρ;[];"- exactor; his office";https://www.perseus.tufts.edu/hopper/text?doc=Perseus:text:1999.04.0057:entry=e)ca/ktwr;noun;yes
ἀλέκτωρ;['ἀλέξω'];;;noun;yes
ψακτήρ;[];;;noun;?
βρωμήτωρ;['βρωμάομαι'];;https://www.perseus.tufts.edu/hopper/text?doc=Perseus:text:1999.04.0057:entry=brwmh/twr;noun;yes
λυμάντωρ;[];;https://www.perseus.tufts.edu/hopper/text?doc=Perseus:text:1999.04.0057:entry=luma/ntwr;noun;yes
προβοκάτωρ;[];;;;yes
ἐκδοτήρ;['ἐκ', 'δίδωμι'];;https://www.perseus.tufts.edu/hopper/text?doc=Perseus:text:1999.04.0057:entry=e)kdoth/r;;yes
λεαντήρ;['λεαίνω'];"- grinder; pestle";https://www.perseus.tufts.edu/hopper/text?doc=Perseus:text:1999.04.0057:entry=leanth/r;noun;yes
μασχαλιστήρ;['μασχάλη'];"- girth passing round the horse behind his shoulders
- girth, band
- second dorsal vertebra";https://www.perseus.tufts.edu/hopper/text?doc=Perseus:text:1999.04.0057:entry=masxalisth/r;noun;no
θεριστήρ;['θερίζω'];- mower, reaper;https://www.perseus.tufts.edu/hopper/text?doc=Perseus:text:1999.04.0057:entry=qeristh/r;noun;yes
βώτωρ;[];;https://www.perseus.tufts.edu/hopper/text?doc=Perseus:text:1999.04.0057:entry=bw/twr;noun;yes
κοσμοκράτωρ;['κόσμος', 'κρατέω'];- lord of the world;https://www.perseus.tufts.edu/hopper/text?doc=Perseus:text:1999.04.0057:entry=kosmokra/twr;noun;yes
αὐτομήτωρ;['αὐτός', 'μήτηρ'];"- very mother herself; her mother's very child";https://www.perseus.tufts.edu/hopper/text?doc=Perseus:text:1999.04.0057:entry=au)tomh/twr;noun;no
πυριατήρ;['πυριάζω'];"- hot-water bottle; warming-pan";https://www.perseus.tufts.edu/hopper/text?doc=Perseus:text:1999.04.0057:entry=puriath/r;noun;yes
καλλιπάτωρ;['καλός', 'πατήρ'];;;;no
δημοκράτωρ;['δῆμος', 'κράτος'];;;;yes
ἀλφηστήρ;['ἀλφάνω'];;;;yes
τριγωνοκράτωρ;['τρι', 'γωνία', 'κράτος'];- ruler of a zodiacal triangle;https://www.perseus.tufts.edu/hopper/text?doc=Perseus:text:1999.04.0057:entry=trigwnokra/twr;noun;yes
ἁλιγενέτωρ;['ἄλς', 'γενέτωρ'];;;;yes
δικτάτωρ;[];"- dictator; the dictatorship";https://www.perseus.tufts.edu/hopper/text?doc=Perseus:text:1999.04.0057:entry=dikta/twr;noun;yes
ἐπιχυτήρ;['ἐπί', 'χέω'];;https://www.perseus.tufts.edu/hopper/text?doc=Perseus:text:1999.04.0057:entry=e)pixuth/r;noun;yes
χρωστήρ;['χρῴζω'];"- that which colours; dyes";https://www.perseus.tufts.edu/hopper/text?doc=Perseus:text:1999.04.0057:entry=xrwsth/r;noun;yes
αἰσυητήρ;[];;https://www.perseus.tufts.edu/hopper/text?doc=Perseus:text:1999.04.0057:entry=ai)suhth/r;noun;yes
πατρομήτωρ;['πατήρ', 'μήτηρ'];- mother's father;https://www.perseus.tufts.edu/hopper/text?doc=Perseus:text:1999.04.0057:entry=patromh/twr;noun;no
ὑμνοθετήρ;[];;;noun;yes
πεντηκοντήρ;['πεντήκοντα'];- commander of fifty men;https://www.perseus.tufts.edu/hopper/text?doc=Perseus:text:1999.04.0057:entry=penthkonth/r;noun;yes
ἀποδεκτήρ;['ἀπό', 'δέχομαι'];;https://www.perseus.tufts.edu/hopper/text?doc=Perseus:text:1999.04.0057:entry=a)podekth/r;noun;yes
συγγεννήτωρ;['συγγεννάω'];- one who assists in generating, common parent;https://www.perseus.tufts.edu/hopper/text?doc=Perseus:text:1999.04.0057:entry=suggennh/twr;noun;yes
ἐφάπτωρ;['ἑφάπτω'];"- laying hold of, seizing
- one who strokes; caresses";https://www.perseus.tufts.edu/hopper/text?doc=Perseus:text:1999.04.0057:entry=e)fa/ptwr;noun;yes
ἀθλοπάτωρ;['ἆθλος', 'πατήρ'];;;;no
θρεπτήρ;['τρέφω'];- feeder, rearer;https://www.perseus.tufts.edu/hopper/text?doc=Perseus:text:1999.04.0057:entry=qrepth/r;noun;yes
ἱππαστήρ;['ἱππάζω'];;https://www.perseus.tufts.edu/hopper/text?doc=Perseus:text:1999.04.0057:entry=i(ppasth/r;noun;yes
ἱκτήρ;['ἱκνέομαι'];- a suppliant;https://www.perseus.tufts.edu/hopper/text?doc=Perseus:text:1999.04.0057:entry=i(kth/r;noun;yes
ὁρμοδοτήρ;['ὅρμος', 'δοτήρ'];- harbour-giver;https://www.perseus.tufts.edu/hopper/text?doc=Perseus:text:1999.04.0057:entry=o(rmodoth/r;noun;yes
προστεγαστήρ;[];- provisional roofing;https://www.perseus.tufts.edu/hopper/text?doc=Perseus:text:1999.04.0057:entry=prostegasth/r;noun;yes
συνδαίτωρ;['σύν', 'δαίς'];- companion at table;https://www.perseus.tufts.edu/hopper/text?doc=Perseus:text:1999.04.0057:entry=sundai/twr;noun;yes
παρακλήτωρ;['παρά', 'καλέω'];- one who encourages, comforter;https://www.perseus.tufts.edu/hopper/text?doc=Perseus:text:1999.04.0057:entry=paraklh/twr;noun;yes
τεύκτωρ;[];;https://www.perseus.tufts.edu/hopper/text?doc=Perseus:text:1999.04.0057:entry=teu/ktwr;noun;yes
πλυτήρ;['πλύνω'];;https://www.perseus.tufts.edu/hopper/text?doc=Perseus:text:1999.04.0057:entry=pluth/r;noun;yes
κάτωρ;[];;https://www.perseus.tufts.edu/hopper/text?doc=Perseus:text:1999.04.0057:entry=ka/twr;noun;?
περιξυστήρ;['περί', 'ξύω'];"- surgical instrument for scraping; smoothing bones";https://www.perseus.tufts.edu/hopper/text?doc=Perseus:text:1999.04.0057:entry=pericusth/r;noun;yes
φυσήτωρ;['φυσάω'];;https://www.perseus.tufts.edu/hopper/text?doc=Perseus:text:1999.04.0057:entry=fush/twr;noun;yes
νυμφευτήρ;['νυμφεύω'];;https://www.perseus.tufts.edu/hopper/text?doc=Perseus:text:1999.04.0057:entry=numfeuth/r;;yes
δεκτήρ;['δέχομαι'];- receiver;https://www.perseus.tufts.edu/hopper/text?doc=Perseus:text:1999.04.0057:entry=dekth/r;noun;yes
πετευριστήρ;['πετευρίζομαι'];- tumbler, acrobat;https://www.perseus.tufts.edu/hopper/text?doc=Perseus:text:1999.04.0057:entry=peteuristh/r;noun;yes
ἀμαλλοδετήρ;['ἄμαλλα', 'δέω'];- binder of sheaves;https://www.perseus.tufts.edu/hopper/text?doc=Perseus:text:1999.04.0057:entry=a)mallodeth/r;noun;yes
κουφιστήρ;['κουφίζω'];- ring-pad;https://www.perseus.tufts.edu/hopper/text?doc=Perseus:text:1999.04.0057:entry=koufisth/r;noun;yes
συλήτωρ;['συλάω'];- plunderer;https://www.perseus.tufts.edu/hopper/text?doc=Perseus:text:1999.04.0057:entry=sulh/twr;noun;yes
θελκτήρ;['θέλγω'];- soother, charmer;https://www.perseus.tufts.edu/hopper/text?doc=Perseus:text:1999.04.0057:entry=qelkth/r;noun;yes
θοινάτωρ;['θοινάω'];- feaster;https://www.perseus.tufts.edu/hopper/text?doc=Perseus:text:1999.04.0057:entry=qoina/twr;noun;yes
κυτογάστωρ;['κύτος', 'γαστήρ'];- with capacious belly;https://www.perseus.tufts.edu/hopper/text?doc=Perseus:text:1999.04.0057:entry=kutoga/stwr;noun;no
εἰσπράκτωρ;['εἰς', 'πράσσω'];;https://www.perseus.tufts.edu/hopper/text?doc=Perseus:text:1999.04.0057:entry=ei)spra/ktwr;noun;yes
ἐλεγκτήρ;['ἐλέγχω'];"- one who convicts; detects";https://www.perseus.tufts.edu/hopper/text?doc=Perseus:text:1999.04.0057:entry=e)legkth/r;noun;yes
νευστήρ;['νέω'];- swimmer, sailor;https://www.perseus.tufts.edu/hopper/text?doc=Perseus:text:1999.04.0057:entry=neusth/r;noun;yes
κράντωρ;['κραίνω'];- ruler, sovereign;https://www.perseus.tufts.edu/hopper/text?doc=Perseus:text:1999.04.0057:entry=kra/ntwr;noun;yes
Καλλικτήρ;[];;;noun;no
πωλητήρ;['πωλέω'];;https://www.perseus.tufts.edu/hopper/text?doc=Perseus:text:1999.04.0057:entry=pwlhth/r;noun;yes
ὀρχηστήρ;['ὀρχέομαι'];;https://www.perseus.tufts.edu/hopper/text?doc=Perseus:text:1999.04.0057:entry=o)rxhsth/r;noun;yes
καθετήρ;['κατά', 'ἵημι'];- anything let down into, inserted;https://www.perseus.tufts.edu/hopper/text?doc=Perseus:text:1999.04.0057:entry=kaqeth/r;noun;yes
συντακτήρ;['σύν', 'τάσσω'];- one who arranges;https://www.perseus.tufts.edu/hopper/text?doc=Perseus:text:1999.04.0057:entry=suntakth/r;noun;yes
μηνυτήρ;['μηνύω'];"- informer, guide; one who shows, reveals";https://www.perseus.tufts.edu/hopper/text?doc=Perseus:text:1999.04.0057:entry=mhnuth/r;noun;yes
σταχυμήτωρ;['στάχυς', 'μήτηρ'];- mother of ears of corn;https://www.perseus.tufts.edu/hopper/text?doc=Perseus:text:1999.04.0057:entry=staxumh/twr;noun;no
φιλορήτωρ;['φίλος', 'ῥήτωρ'];- fond of rhetoric;https://www.perseus.tufts.edu/hopper/text?doc=Perseus:text:1999.04.0057:entry=filorh/twr;noun;yes
εὐθυντήρ;['εὐθύνω'];- corrector, chastiser;https://www.perseus.tufts.edu/hopper/text?doc=Perseus:text:1999.04.0057:entry=eu)qunth/r;noun;yes
θηρευτήρ;['θηρεύω'];;https://www.perseus.tufts.edu/hopper/text?doc=Perseus:text:1999.04.0057:entry=qhreuth/r;noun;yes
ψευδορήτωρ;['ψευδής', 'ῥήτωρ'];;;;yes
τιθηνητήρ;['τιθηνέω'];;https://www.perseus.tufts.edu/hopper/text?doc=Perseus:text:1999.04.0057:entry=tiqhnhth/r;noun;yes
φωτοκράτωρ;['φῶς', 'κρατέω'];- lord of light;https://www.perseus.tufts.edu/hopper/text?doc=Perseus:text:1999.04.0057:entry=fwtokra/twr;noun;yes
ἐνδυτήρ;['ἐν', 'δύω'];- for putting on;https://www.perseus.tufts.edu/hopper/text?doc=Perseus:text:1999.04.0057:entry=e)nduth/r;noun;yes
λουτήρ;['λούω'];"- washing; bathing-tub";https://www.perseus.tufts.edu/hopper/text?doc=Perseus:text:1999.04.0057:entry=louth/r;noun;yes
ἀικτήρ;['ἀίσσω'];;;noun;yes
φρήτηρ;[];;https://www.perseus.tufts.edu/hopper/text?doc=Perseus:text:1999.04.0057:entry=frh/thr;;no
ποδιστήρ;['ποδίζω'];"- foot-entangling
- tripod";https://www.perseus.tufts.edu/hopper/text?doc=Perseus:text:1999.04.0057:entry=podisth/r;noun;yes
δυσμάτωρ;['δυσ', 'μήτηρ'];;https://www.perseus.tufts.edu/hopper/text?doc=Perseus:text:1999.04.0057:entry=dusma/twr;noun;no
γαστήρ;[];"- paunch, belly; belly; wide part
- womb; infancy";https://www.perseus.tufts.edu/hopper/text?doc=Perseus:text:1999.04.0057:entry=gasth/r;noun;no
ζευκτήρ;['ζεύγνυμι'];"- one who yokes; joins";https://www.perseus.tufts.edu/hopper/text?doc=Perseus:text:1999.04.0057:entry=zeukth/r;noun;yes
δρηστήρ;['δράω'];"- labourer, working man
- runaway";https://www.perseus.tufts.edu/hopper/text?doc=Perseus:text:1999.04.0057:entry=drhsth/r;noun;yes
συμπαίκτωρ;[];;https://www.perseus.tufts.edu/hopper/text?doc=Perseus:text:1999.04.0057:entry=sumpai/ktwr;noun;yes
μεγαλοκράτωρ;[];;https://www.perseus.tufts.edu/hopper/text?doc=Perseus:text:1999.04.0057:entry=megalokra/twr;noun;yes
χαλκοδεσμήτωρ;['δέω'];;;;yes
ἀλειπτήρ;[];;https://www.perseus.tufts.edu/hopper/text?doc=Perseus:text:1999.04.0057:entry=a)leipth/r;noun;yes
μουσομήτωρ;['μοῦσα', 'μήτηρ'];- the mother of Musesand all arts;https://www.perseus.tufts.edu/hopper/text?doc=Perseus:text:1999.04.0057:entry=mousomh/twr;noun;no
πελλητήρ;['πέλλα'];;;;yes
ἡδυντήρ;['ἡδύνω'];- seasoning;https://www.perseus.tufts.edu/hopper/text?doc=Perseus:text:1999.04.0057:entry=h(dunth/r;noun;yes
στρεπτήρ;['στρέφω'];;https://www.perseus.tufts.edu/hopper/text?doc=Perseus:text:1999.04.0057:entry=strepth/r;noun;yes
πυρικαύτωρ;['πῦρ', 'καίω'];- burning with fire;https://www.perseus.tufts.edu/hopper/text?doc=Perseus:text:1999.04.0057:entry=purikau/twr;;yes
γενέτωρ;[];;https://www.perseus.tufts.edu/hopper/text?doc=Perseus:text:1999.04.0057:entry=gene/twr;noun;yes
παμψέκτωρ;['πᾶς', 'ψέγω'];- one that blames all;https://www.perseus.tufts.edu/hopper/text?doc=Perseus:text:1999.04.0057:entry=pamye/ktwr;noun;yes
ἀμμοδύτωρ;['ἄμμος', 'δύω'];- burrowing in sand;https://www.perseus.tufts.edu/hopper/text?doc=Perseus:text:1999.04.0057:entry=a)mmodu/twr;noun;yes
μεγιστοπάτωρ;['μέγιστος', 'πατήρ'];- greatest of fathers;https://www.perseus.tufts.edu/hopper/text?doc=Perseus:text:1999.04.0057:entry=megistopa/twr;noun;no
αὐτοπατήρ;['αὐτός', 'πατήρ'];;;;no
παλαιομάτωρ;['παλαιός', 'μήτηρ'];- ancient mother;https://www.perseus.tufts.edu/hopper/text?doc=Perseus:text:1999.04.0057:entry=palaioma/twr;noun;no
ὀνομακλήτωρ;['ὄνομα', 'καλέω'];"- one who announces guests by name; nomenclator";https://www.perseus.tufts.edu/hopper/text?doc=Perseus:text:1999.04.0057:entry=o)nomaklh/twr;noun;yes
τριτοπάτωρ;['τρίτος', 'πατήρ'];;;;no
ὑφηγητήρ;['ὑπό', 'ἡγέομαι'];;https://www.perseus.tufts.edu/hopper/text?doc=Perseus:text:1999.04.0057:entry=u(fhghth/r;noun;yes
φρουρητήρ;['φρουρέω'];- watcher, guard;https://www.perseus.tufts.edu/hopper/text?doc=Perseus:text:1999.04.0057:entry=frourhth/r;noun;yes
προκτήτωρ;['πρό', 'κτάομαι'];- previous owner;https://www.perseus.tufts.edu/hopper/text?doc=Perseus:text:1999.04.0057:entry=prokth/twr;noun;yes
ἀκέστωρ;['ἀκέω'];- healer, saviour;https://www.perseus.tufts.edu/hopper/text?doc=Perseus:text:1999.04.0057:entry=a)ke/stwr;noun;yes
ἑπταμήτωρ;['ἑπτά', 'μήτηρ'];- mother of seven children;https://www.perseus.tufts.edu/hopper/text?doc=Perseus:text:1999.04.0057:entry=e(ptamh/twr;noun;no
ἀναμασχαλιστήρ;['ἀνά', 'μασχαλιστήρ'];- shoulder-strap;https://www.perseus.tufts.edu/hopper/text?doc=Perseus:text:1999.04.0057:entry=a)namasxalisth/r;noun;no
κερδαντήρ;['κερδαίνω'];;;;yes
φορμικτήρ;['φορμίζω'];;https://www.perseus.tufts.edu/hopper/text?doc=Perseus:text:1999.04.0057:entry=formikth/r;noun;yes
λυτήρ;['λύω'];"- one who looses, deliverer
- arbitrator, decider";https://www.perseus.tufts.edu/hopper/text?doc=Perseus:text:1999.04.0057:entry=luth/r;noun;yes
ἰάτωρ;[];;https://www.perseus.tufts.edu/hopper/text?doc=Perseus:text:1999.04.0057:entry=i)a/twr;;yes
σχαστήρ;['σχάζω'];"- clothes-hanger; -stretcher; tendicula";https://www.perseus.tufts.edu/hopper/text?doc=Perseus:text:1999.04.0057:entry=sxasth/r;noun;yes
μακτήρ;['μάσσω'];;https://www.perseus.tufts.edu/hopper/text?doc=Perseus:text:1999.04.0057:entry=makth/r;noun;yes
πεκτήρ;['πέκω'];- shearer;https://www.perseus.tufts.edu/hopper/text?doc=Perseus:text:1999.04.0057:entry=pekth/r;noun;yes
Τιτανοκράτωρ;['Τιτάν', 'κρατέω'];- conqueror of the Titans;https://www.perseus.tufts.edu/hopper/text?doc=Perseus:text:1999.04.0057:entry=*titanokra/twr;noun;yes
Ἀμύντωρ;[];;;noun;no
μητροπάτωρ;['μήτηρ', 'πατήρ'];- mother's father, grandfather;https://www.perseus.tufts.edu/hopper/text?doc=Perseus:text:1999.04.0057:entry=mhtropa/twr;noun;no
πτεροφύτωρ;['πτερόν', 'φύω'];- feather-producing;https://www.perseus.tufts.edu/hopper/text?doc=Perseus:text:1999.04.0057:entry=pterofu/twr;noun;yes
ἀκοντιστήρ;['ἀκοντίζω'];"- darting, hurtling; Dritter Bericht";https://www.perseus.tufts.edu/hopper/text?doc=Perseus:text:1999.04.0057:entry=a)kontisth/r;noun;yes
ἀγητήρ;[];;;;yes
εὐναστήρ;['εὐνάζω'];- serving as an anchor;https://www.perseus.tufts.edu/hopper/text?doc=Perseus:text:1999.04.0057:entry=eu)nasth/r;noun;yes
ζηνοδοτήρ;['Ζεύς', 'δοτήρ'];;;;yes
διμήτωρ;['δίς', 'μήτηρ'];- twice-born;https://www.perseus.tufts.edu/hopper/text?doc=Perseus:text:1999.04.0057:entry=dimh/twr;noun;no
μισομήτωρ;['μισέω', 'μήτηρ'];;;;no
ὀβολοστατήρ;[];;https://www.perseus.tufts.edu/hopper/text?doc=Perseus:text:1999.04.0057:entry=o)bolostath/r;noun;yes
κνάπτωρ;['κνάπτω'];;https://www.perseus.tufts.edu/hopper/text?doc=Perseus:text:1999.04.0057:entry=kna/ptwr;;yes
οὐσιοπάτωρ;['οὐσία', 'πατήρ'];- father of existence;https://www.perseus.tufts.edu/hopper/text?doc=Perseus:text:1999.04.0057:entry=ou)siopa/twr;noun;no
ὀξυντήρ;['ὀξύνω'];- sharpener;https://www.perseus.tufts.edu/hopper/text?doc=Perseus:text:1999.04.0057:entry=o)cunth/r;noun;yes
φαρμακτήρ;[];;https://www.perseus.tufts.edu/hopper/text?doc=Perseus:text:1999.04.0057:entry=farmakth/r;noun;yes
γιγαντολέτωρ;['γίγας', 'ὄλλυμι'];;;;yes
ἰσομάτωρ;['ἴσος', 'μήτηρ'];"- like one's mother; dam";https://www.perseus.tufts.edu/hopper/text?doc=Perseus:text:1999.04.0057:entry=i)soma/twr;noun;no
συνοικητήρ;['συνοικέω'];- house-fellow;https://www.perseus.tufts.edu/hopper/text?doc=Perseus:text:1999.04.0057:entry=sunoikhth/r;noun;yes
ἐπιβώτωρ;['ἐπί', 'βώτωρ'];- shepherd;https://www.perseus.tufts.edu/hopper/text?doc=Perseus:text:1999.04.0057:entry=e)pibw/twr;noun;yes
ὀμφητήρ;['ὀμφή'];- soothsayer;https://www.perseus.tufts.edu/hopper/text?doc=Perseus:text:1999.04.0057:entry=o)mfhth/r;noun;yes
κατευθυντήρ;['κατά', 'εὐθύνω'];;;;yes
τρυγητήρ;['τρυγάω'];"- one who gathers ripe fruit; grapes";https://www.perseus.tufts.edu/hopper/text?doc=Perseus:text:1999.04.0057:entry=trughth/r;noun;yes
ἀκεστήρ;['ἀκέω'];- healer;https://www.perseus.tufts.edu/hopper/text?doc=Perseus:text:1999.04.0057:entry=a)kesth/r;noun;yes
μονομήτωρ;['μόνος', 'μήτηρ'];- bereft of a mother;https://www.perseus.tufts.edu/hopper/text?doc=Perseus:text:1999.04.0057:entry=monomh/twr;noun;no
ὀνάτωρ;['ὀνίνημι'];;;noun;yes
δαϊκτήρ;['δαΐζω'];;;noun;yes
ἵστωρ;[];;;noun;yes
κατοπτήρ;['κατά', 'ὀπτεύω'];- spy, scout;https://www.perseus.tufts.edu/hopper/text?doc=Perseus:text:1999.04.0057:entry=katopth/r;noun;yes
ἐπικρατήτωρ;['ἐπί', 'κρατέω'];- ruling;https://www.perseus.tufts.edu/hopper/text?doc=Perseus:text:1999.04.0057:entry=e)pikrath/twr;noun;yes
οἰνοποτήρ;['οἶνος', 'πίνω'];- wine-drinker;https://www.perseus.tufts.edu/hopper/text?doc=Perseus:text:1999.04.0057:entry=oi)nopoth/r;noun;yes
ὀνυχιστήρ;['ὀνυχίζω'];- hoof;https://www.perseus.tufts.edu/hopper/text?doc=Perseus:text:1999.04.0057:entry=o)nuxisth/r;noun;yes
σαφήτωρ;['σάφα'];- explainer, interpreter;https://www.perseus.tufts.edu/hopper/text?doc=Perseus:text:1999.04.0057:entry=safh/twr;noun;yes
τριετήρ;[];;https://www.perseus.tufts.edu/hopper/text?doc=Perseus:text:1999.04.0057:entry=trieth/r;noun;no
αὐτοπάτωρ;['αὐτός', 'πατήρ'];- self-engendered;https://www.perseus.tufts.edu/hopper/text?doc=Perseus:text:1999.04.0057:entry=au)topa/twr;noun;no
κατονειδιστήρ;['κατά', 'ὀνειδίζω'];;https://www.perseus.tufts.edu/hopper/text?doc=Perseus:text:1999.04.0057:entry=katoneidisth/r;noun;yes
μανδάτωρ;[];;;;yes
Γενέτωρ;[];;;noun;yes
ὁριοκράτωρ;['ὅριον', 'κρατέω'];- ruler of certain degrees in a zodiacal sign;https://www.perseus.tufts.edu/hopper/text?doc=Perseus:text:1999.04.0057:entry=o(riokra/twr;noun;yes
τριπάτωρ;['τρι', 'πατήρ'];- having three fathers;https://www.perseus.tufts.edu/hopper/text?doc=Perseus:text:1999.04.0057:entry=tripa/twr;noun;no
ἀγρωστήρ;['ἀγρός'];;https://www.perseus.tufts.edu/hopper/text?doc=Perseus:text:1999.04.0057:entry=a)grwsth/r;noun;yes
ματήρ;[];;https://www.perseus.tufts.edu/hopper/text?doc=Perseus:text:1999.04.0057:entry=math/r;noun;no
συνεστιάτωρ;['συνεστιάζω'];- boon-companion;https://www.perseus.tufts.edu/hopper/text?doc=Perseus:text:1999.04.0057:entry=sunestia/twr;noun;yes
μνήστωρ;['μνάομαι'];- mindful of;https://www.perseus.tufts.edu/hopper/text?doc=Perseus:text:1999.04.0057:entry=mnh/stwr;noun;yes
ἑλκυστήρ;['ἕλκω'];"- instrument for drawing; crochet; a rein";https://www.perseus.tufts.edu/hopper/text?doc=Perseus:text:1999.04.0057:entry=e(lkusth/r;noun;yes
ἐπιπάτωρ;['ἐπί', 'πατήρ'];- stepfather;https://www.perseus.tufts.edu/hopper/text?doc=Perseus:text:1999.04.0057:entry=e)pipa/twr;noun;no
ἀγρώστωρ;['ἄγρα'];;;noun;yes
ἀλκτήρ;['ἀλκή'];- one who wards off, protector from;https://www.perseus.tufts.edu/hopper/text?doc=Perseus:text:1999.04.0057:entry=a)lkth/r;noun;yes
Στάτωρ;[];;;noun;no
πολεμήτωρ;['πολεμέω'];- warlike;https://www.perseus.tufts.edu/hopper/text?doc=Perseus:text:1999.04.0057:entry=polemh/twr;noun;yes
πονοπαίκτωρ;['πόνος', 'παίζω'];- one that sports with danger;https://www.perseus.tufts.edu/hopper/text?doc=Perseus:text:1999.04.0057:entry=ponopai/ktwr;noun;yes
στατήρ;[];"- standard coin
- one who owes money, debtor";https://www.perseus.tufts.edu/hopper/text?doc=Perseus:text:1999.04.0057:entry=stath/r;noun;yes
δορυμήστωρ;['δόρυ', 'μήστωρ'];"- skilled with the spear; workshop where spear-shafts are made";https://www.perseus.tufts.edu/hopper/text?doc=Perseus:text:1999.04.0057:entry=dorumh/stwr;noun;yes
κλαυστήρ;['κλαίω'];- weeper;https://www.perseus.tufts.edu/hopper/text?doc=Perseus:text:1999.04.0057:entry=klausth/r;noun;yes
δοτήρ;['δίδωμι'];- giver, dispenser;https://www.perseus.tufts.edu/hopper/text?doc=Perseus:text:1999.04.0057:entry=doth/r;noun;yes
Ζωστήρ;[];;;noun;no
καθαρτήρ;['καθαίρω'];;https://www.perseus.tufts.edu/hopper/text?doc=Perseus:text:1999.04.0057:entry=kaqarth/r;noun;yes
ἐργαστήρ;['ἐργάζομαι'];"- workman; in husbandry";https://www.perseus.tufts.edu/hopper/text?doc=Perseus:text:1999.04.0057:entry=e)rgasth/r;noun;yes
ἀδαμάστωρ;['ἀδάμαστος'];;;;yes
πράκτωρ;['πράσσω'];"- one who does; executes, accomplisher
- official who executes a judgment for debt; public debt, bailiff";https://www.perseus.tufts.edu/hopper/text?doc=Perseus:text:1999.04.0057:entry=pra/ktwr;noun;yes
μονοπάτωρ;['μόνος', 'πατήρ'];- only father;https://www.perseus.tufts.edu/hopper/text?doc=Perseus:text:1999.04.0057:entry=monopa/twr;noun;no
νομοΐστωρ;['νόμος', 'ἴστωρ'];;;noun;yes
πραίτωρ;[];;;;yes
δομήτωρ;['δομέω'];- builder;https://www.perseus.tufts.edu/hopper/text?doc=Perseus:text:1999.04.0057:entry=domh/twr;noun;yes
ἀρνευτήρ;[];- tumbler, acrobat;https://www.perseus.tufts.edu/hopper/text?doc=Perseus:text:1999.04.0057:entry=a)rneuth/r;noun;yes
ῥυτήρ;['ἐρύω'];;;noun;yes
ἀμελκτήρ;['ἀμέλγω'];- milking-pail;https://www.perseus.tufts.edu/hopper/text?doc=Perseus:text:1999.04.0057:entry=a)melkth/r;noun;yes
φαυστήρ;['φάω'];"- lamp; candelabrum; large window";https://www.perseus.tufts.edu/hopper/text?doc=Perseus:text:1999.04.0057:entry=fausth/r;noun;yes
τευχηστήρ;['τεῦχος'];- armed man, warrior;https://www.perseus.tufts.edu/hopper/text?doc=Perseus:text:1999.04.0057:entry=teuxhsth/r;noun;yes
λευστήρ;['λεύω'];- one who stones;https://www.perseus.tufts.edu/hopper/text?doc=Perseus:text:1999.04.0057:entry=leusth/r;noun;yes
φράστωρ;['φράζω'];- guide;https://www.perseus.tufts.edu/hopper/text?doc=Perseus:text:1999.04.0057:entry=fra/stwr;noun;yes
μεγαλήτωρ;['μέγας', 'ἦτορ'];- greathearted;https://www.perseus.tufts.edu/hopper/text?doc=Perseus:text:1999.04.0057:entry=megalh/twr;noun;no
ἐνναετήρ;['ἐν', 'ναίω'];- inmate, inhabitant;https://www.perseus.tufts.edu/hopper/text?doc=Perseus:text:1999.04.0057:entry=e)nnaeth/r;noun;yes
κυβιστητήρ;['κυβιστάω'];"- tumbler
- tumbling";https://www.perseus.tufts.edu/hopper/text?doc=Perseus:text:1999.04.0057:entry=kubisthth/r;noun;yes
μητρομήτωρ;['μήτηρ', 'μήτηρ'];- mother's mother, grandmother;https://www.perseus.tufts.edu/hopper/text?doc=Perseus:text:1999.04.0057:entry=mhtromh/twr;noun;no
κορυφιστήρ;['κορυφή'];;https://www.perseus.tufts.edu/hopper/text?doc=Perseus:text:1999.04.0057:entry=korufisth/r;noun;no
βοσκήτωρ;['βόσκω'];- herdsman;https://www.perseus.tufts.edu/hopper/text?doc=Perseus:text:1999.04.0057:entry=boskh/twr;noun;yes
κτιστήρ;['κτίζω'];;https://www.perseus.tufts.edu/hopper/text?doc=Perseus:text:1999.04.0057:entry=ktisth/r;noun;yes
ψευδοκλητήρ;['ψευδής', 'κλητεύω'];- one who falsely subscribes his name as witness to a summons;https://www.perseus.tufts.edu/hopper/text?doc=Perseus:text:1999.04.0057:entry=yeudoklhth/r;noun;yes
χερνήτωρ;[];;https://www.perseus.tufts.edu/hopper/text?doc=Perseus:text:1999.04.0057:entry=xernh/twr;;yes
καυτήρ;['καίω'];- burner;https://www.perseus.tufts.edu/hopper/text?doc=Perseus:text:1999.04.0057:entry=kauth/r;noun;yes
ἐνοικήτωρ;['ἐνοικέω'];- inhabitant;https://www.perseus.tufts.edu/hopper/text?doc=Perseus:text:1999.04.0057:entry=e)noikh/twr;noun;yes
ἀλγυντήρ;['ἀλγύνω'];- causing pain;https://www.perseus.tufts.edu/hopper/text?doc=Perseus:text:1999.04.0057:entry=a)lgunth/r;noun;yes
βροχωτήρ;[];;;;yes
διαλλακτήρ;['διά', 'ἀλλάσσω'];- mediator;https://www.perseus.tufts.edu/hopper/text?doc=Perseus:text:1999.04.0057:entry=diallakth/r;noun;yes
Πλεῖστωρ;[];;;noun;no
συνοικήτωρ;['συνοικέω'];;https://www.perseus.tufts.edu/hopper/text?doc=Perseus:text:1999.04.0057:entry=sunoikh/twr;noun;yes
ἐρυστήρ;['ἐρύω'];;;;yes
θυτήρ;['θύω'];- sacrificer, slayer;https://www.perseus.tufts.edu/hopper/text?doc=Perseus:text:1999.04.0057:entry=quth/r;noun;yes
λιπομήτωρ;['λείπω', 'μήτηρ'];- having left one's mother;https://www.perseus.tufts.edu/hopper/text?doc=Perseus:text:1999.04.0057:entry=lipomh/twr;noun;no
κοιαίστωρ;[];;;;yes
ἀποσοβητήρ;['ἀπό', 'σοβέω'];- one that scares away;https://www.perseus.tufts.edu/hopper/text?doc=Perseus:text:1999.04.0057:entry=a)posobhth/r;noun;yes
ἀμφιβατήρ;['ἀμφί', 'βαίνω'];;;;yes
Σαλινάτωρ;[];;;noun;no
πλακτήρ;[];- spur;https://www.perseus.tufts.edu/hopper/text?doc=Perseus:text:1999.04.0057:entry=plakth/r;noun;yes
φιλοπάτηρ;[];;https://www.perseus.tufts.edu/hopper/text?doc=Perseus:text:1999.04.0057:entry=filopa/thr;;no
προασπιστήρ;['πρό', 'ἀσπίς'];- one who holds a shield before, champion;https://www.perseus.tufts.edu/hopper/text?doc=Perseus:text:1999.04.0057:entry=proaspisth/r;noun;yes
ζωστήρ;['ζώννυμι'];"- a warrior's belt; belt
- anything that goes round like a girdle";https://www.perseus.tufts.edu/hopper/text?doc=Perseus:text:1999.04.0057:entry=zwsth/r;noun;yes
γναμπτήρ;['γνάμπτω'];- jaw;https://www.perseus.tufts.edu/hopper/text?doc=Perseus:text:1999.04.0057:entry=gnampth/r;noun;yes
στάτωρ;[];- stator, usher;https://www.perseus.tufts.edu/hopper/text?doc=Perseus:text:1999.04.0057:entry=sta/twr;noun;yes
σημαντήρ;['σημαίνω'];"- herdsman
- seal, signet";https://www.perseus.tufts.edu/hopper/text?doc=Perseus:text:1999.04.0057:entry=shmanth/r;noun;yes
κυαίστωρ;[];;;;yes
μάτηρ;[];;;noun;no
σαστήρ;[];;https://www.perseus.tufts.edu/hopper/text?doc=Perseus:text:1999.04.0057:entry=sasth/r;noun;?
μνήστωρ;['μιμνήσκω'];- mindful of;https://www.perseus.tufts.edu/hopper/text?doc=Perseus:text:1999.04.0057:entry=mnh/stwr;noun;yes
διοπτήρ;['διοπτεύω'];"- spy, scout
- tesserarii";https://www.perseus.tufts.edu/hopper/text?doc=Perseus:text:1999.04.0057:entry=diopth/r;noun;yes
ὑλητήρ;['ὕλη'];- a kind of wine;https://www.perseus.tufts.edu/hopper/text?doc=Perseus:text:1999.04.0057:entry=u(lhth/r;noun;yes
θερμαντήρ;['θερμαίνω'];"- kettle; pot for boiling water";https://www.perseus.tufts.edu/hopper/text?doc=Perseus:text:1999.04.0057:entry=qermanth/r;noun;yes
οἰκοκράτωρ;['οἶκος', 'κράτος'];;;;yes
ἀποπλάστωρ;['ἀποπλάσσω'];;;;yes
νυκτιγενέτωρ;['νύξ', 'γενέτωρ'];- father of night;https://www.perseus.tufts.edu/hopper/text?doc=Perseus:text:1999.04.0057:entry=nuktigene/twr;noun;yes
πελλαντήρ;['πέλλα'];- one who milks into a pail;https://www.perseus.tufts.edu/hopper/text?doc=Perseus:text:1999.04.0057:entry=pellanth/r;noun;yes
ἐθελορήτωρ;['ἐθέλω', 'ῥήτωρ'];- would-be orator;https://www.perseus.tufts.edu/hopper/text?doc=Perseus:text:1999.04.0057:entry=e)qelorh/twr;noun;yes
παιδοκράτωρ;['παῖς', 'κρατέω'];- guardian of boys;https://www.perseus.tufts.edu/hopper/text?doc=Perseus:text:1999.04.0057:entry=paidokra/twr;noun;yes
ῥητήρ;[];- speaker;https://www.perseus.tufts.edu/hopper/text?doc=Perseus:text:1999.04.0057:entry=r(hth/r;noun;yes
κοιλογάστωρ;['κοῖλος', 'γαστήρ'];- hollow-bellied, hungry;https://www.perseus.tufts.edu/hopper/text?doc=Perseus:text:1999.04.0057:entry=koiloga/stwr;noun;no
αἰωνοπολοκράτωρ;['αἰών', 'πόλος', 'κράτος'];- eternal ruler of the heavens;https://www.perseus.tufts.edu/hopper/text?doc=Perseus:text:1999.04.0057:entry=ai)wnopolokra/twr;noun;yes
δωμήτωρ;['δῶμα'];- builder;https://www.perseus.tufts.edu/hopper/text?doc=Perseus:text:1999.04.0057:entry=dwmh/twr;noun;yes
λιποπάτωρ;['λείπω', 'πατήρ'];- deserter of one's father;https://www.perseus.tufts.edu/hopper/text?doc=Perseus:text:1999.04.0057:entry=lipopa/twr;noun;no
ὀρυκτήρ;['ὀρύσσω'];- miner;https://www.perseus.tufts.edu/hopper/text?doc=Perseus:text:1999.04.0057:entry=o)rukth/r;noun;yes
προμήτωρ;['πρό', 'μήτηρ'];"- first mother
- maternal grandfather";https://www.perseus.tufts.edu/hopper/text?doc=Perseus:text:1999.04.0057:entry=promh/twr;noun;no
ἐθνοπάτωρ;['ἔθνος', 'πατήρ'];;;;no
ἀγάστωρ;['ἀ', 'γαστήρ'];"- from the same womb; twins; near kinsman";https://www.perseus.tufts.edu/hopper/text?doc=Perseus:text:1999.04.0057:entry=a)ga/stwr;noun;no
δαΐκτωρ;['δαΐζω'];;;noun;yes
ἁμιλλητήρ;['ἁμιλλάομαι'];- racing;https://www.perseus.tufts.edu/hopper/text?doc=Perseus:text:1999.04.0057:entry=a(millhth/r;noun;yes
καταληπτήρ;['κατά', 'λαμβάνω'];- strap for holding fast;https://www.perseus.tufts.edu/hopper/text?doc=Perseus:text:1999.04.0057:entry=katalhpth/r;noun;yes
διωστήρ;['διά', 'ὠθέω'];"- instrument for pushing out
- pole running through rings";https://www.perseus.tufts.edu/hopper/text?doc=Perseus:text:1999.04.0057:entry=diwsth/r;noun;yes
χρονοκράτωρ;['χρόνος', 'κρατέω'];- heavenly body dominant for a specified period;https://www.perseus.tufts.edu/hopper/text?doc=Perseus:text:1999.04.0057:entry=xronokra/twr;noun;yes
λυσσητήρ;['λυσσάω'];"- one that is raging; raving mad";https://www.perseus.tufts.edu/hopper/text?doc=Perseus:text:1999.04.0057:entry=lusshth/r;noun;yes
πλώτωρ;[];;;;yes
πριστήρ;['πρίω'];- saw;https://www.perseus.tufts.edu/hopper/text?doc=Perseus:text:1999.04.0057:entry=pristh/r;noun;no
ὑποσπαθιστήρ;['ὑπό', 'σπαθίζω'];- spatula;https://www.perseus.tufts.edu/hopper/text?doc=Perseus:text:1999.04.0057:entry=u(pospaqisth/r;noun;yes
ἀναλυτήρ;['ἀνά', 'λύω'];- deliverer;https://www.perseus.tufts.edu/hopper/text?doc=Perseus:text:1999.04.0057:entry=a)naluth/r;noun;yes
οἰκοδέκτωρ;['οἶκος', 'δέχομαι'];- a planet in whose domicile another planet happens to be;https://www.perseus.tufts.edu/hopper/text?doc=Perseus:text:1999.04.0057:entry=oi)kode/ktwr;noun;yes
ἑλκητήρ;['ἕλκω'];;;noun;yes
φράτηρ;[];- member of a;https://www.perseus.tufts.edu/hopper/text?doc=Perseus:text:1999.04.0057:entry=fra/thr;noun;no
ῥυπτήρ;['ῥύπτω'];;;;yes
Δαμάστωρ;['δαμάζω'];;;noun;no
πανδαμάτωρ;['πᾶς', 'δαμάω'];- the all-subduer, all-tamer;https://www.perseus.tufts.edu/hopper/text?doc=Perseus:text:1999.04.0057:entry=pandama/twr;noun;yes
πεντηκοστήρ;[];;https://www.perseus.tufts.edu/hopper/text?doc=Perseus:text:1999.04.0057:entry=penthkosth/r;;yes
πάτωρ;[];- possessor;https://www.perseus.tufts.edu/hopper/text?doc=Perseus:text:1999.04.0057:entry=pa/twr;noun;yes
μαιήτωρ;['μαίομαι'];- seeker;https://www.perseus.tufts.edu/hopper/text?doc=Perseus:text:1999.04.0057:entry=maih/twr;noun;yes
πεμπτήρ;['πέμπω'];;https://www.perseus.tufts.edu/hopper/text?doc=Perseus:text:1999.04.0057:entry=pempth/r;noun;yes
παραμυθήτωρ;['παρά', 'μυθέομαι'];;;;yes
ἀπιθυντήρ;['ἀπό', 'ἰθύνω'];;;;yes
τερθρωτήρ;['τέρθρον'];- the part of a ship from which the;https://www.perseus.tufts.edu/hopper/text?doc=Perseus:text:1999.04.0057:entry=terqrwth/r;noun;yes
αὐτορήτωρ;['αὐτός', 'ῥήτωρ'];- a self-made orator;https://www.perseus.tufts.edu/hopper/text?doc=Perseus:text:1999.04.0057:entry=au)torh/twr;noun;yes
τοκοπράκτωρ;['τόκος', 'πράσσω'];- one who exacts interest;https://www.perseus.tufts.edu/hopper/text?doc=Perseus:text:1999.04.0057:entry=tokopra/ktwr;noun;yes
σιτεκλήπτωρ;['σῖτος', 'ἐκλήπτωρ'];;;;yes
πρακτήρ;['πράσσω'];"- doer; traders";https://www.perseus.tufts.edu/hopper/text?doc=Perseus:text:1999.04.0057:entry=prakth/r;noun;yes
προμήτωρ;['πρό', 'μήτηρ'];"- first mother
- maternal grandfather";https://www.perseus.tufts.edu/hopper/text?doc=Perseus:text:1999.04.0057:entry=promh/twr;noun;no
ὑδρογάστωρ;['ὕδωρ', 'γαστήρ'];- with water in the belly, dropsical;https://www.perseus.tufts.edu/hopper/text?doc=Perseus:text:1999.04.0057:entry=u(droga/stwr;noun;no
κατευναστήρ;['κατά', 'εὐνή'];- chamberlain;https://www.perseus.tufts.edu/hopper/text?doc=Perseus:text:1999.04.0057:entry=kateunasth/r;noun;yes
ἀρχιστάτωρ;['ἀρχι', 'στάτωρ'];"- chief usher; keeper of the sacred vestments";https://www.perseus.tufts.edu/hopper/text?doc=Perseus:text:1999.04.0057:entry=a)rxista/twr;noun;yes
καταισχυντήρ;['κατά', 'αἰσχύνω'];- dishonourer;https://www.perseus.tufts.edu/hopper/text?doc=Perseus:text:1999.04.0057:entry=kataisxunth/r;noun;yes
ἐνετήρ;['ἐν', 'ἵημι'];"- clyster-syringe
- siege-engine of war for hurling projectiles";https://www.perseus.tufts.edu/hopper/text?doc=Perseus:text:1999.04.0057:entry=e)neth/r;noun;yes
παραλήπτωρ;['παρά', 'λαμβάνω'];- inheritor;https://www.perseus.tufts.edu/hopper/text?doc=Perseus:text:1999.04.0057:entry=paralh/ptwr;noun;yes
χιλιοκράτωρ;['χίλιοι', 'κρατέω'];;https://www.perseus.tufts.edu/hopper/text?doc=Perseus:text:1999.04.0057:entry=xiliokra/twr;;yes
κατοπτευτήρ;['κατά', 'ὀπτεύω'];;;;yes
κηλήτωρ;['κηλέω'];- charmer;https://www.perseus.tufts.edu/hopper/text?doc=Perseus:text:1999.04.0057:entry=khlh/twr;noun;yes
ἀποστατήρ;['ἀπό', 'ἵστημι'];"- one who has power to dissolve an assembly; to decide a question";https://www.perseus.tufts.edu/hopper/text?doc=Perseus:text:1999.04.0057:entry=a)postath/r;noun;yes
τινάκτωρ;['τινάσσω'];- shaker;https://www.perseus.tufts.edu/hopper/text?doc=Perseus:text:1999.04.0057:entry=tina/ktwr;noun;yes
καταλυτήρ;['κατά', 'λύω'];- arbitrator;https://www.perseus.tufts.edu/hopper/text?doc=Perseus:text:1999.04.0057:entry=kataluth/r;noun;yes
ἀνάκτωρ;['ἀνάσσω'];;https://www.perseus.tufts.edu/hopper/text?doc=Perseus:text:1999.04.0057:entry=a)na/ktwr;noun;yes
αἰθυκτήρ;['αἰθύσσω'];- rushing violently;https://www.perseus.tufts.edu/hopper/text?doc=Perseus:text:1999.04.0057:entry=ai)qukth/r;noun;yes
φιλοΐστωρ;[];;;noun;yes
παντοκράτωρ;['πᾶς', 'κράτος'];- almighty;https://www.perseus.tufts.edu/hopper/text?doc=Perseus:text:1999.04.0057:entry=pantokra/twr;noun;yes
καμπιδούκτωρ;[];;;;yes
σφιγκτήρ;['σφίγγω'];"- that which binds tight, lace, band
- muscle closing an aperture
- a Tarentine";https://www.perseus.tufts.edu/hopper/text?doc=Perseus:text:1999.04.0057:entry=sfigkth/r;noun;yes
ἀκράτωρ;['κράτος'];;https://www.perseus.tufts.edu/hopper/text?doc=Perseus:text:1999.04.0057:entry=a)kra/twr;noun;yes
βοτήρ;['βόσκω'];- herdsman;https://www.perseus.tufts.edu/hopper/text?doc=Perseus:text:1999.04.0057:entry=both/r;noun;yes
συνευαστήρ;['σύν', 'εὐαστήρ'];- fellow-bacchanal;https://www.perseus.tufts.edu/hopper/text?doc=Perseus:text:1999.04.0057:entry=suneuasth/r;noun;yes
σηκωτήρ;['σηκόω'];- the beam of a balance;https://www.perseus.tufts.edu/hopper/text?doc=Perseus:text:1999.04.0057:entry=shkwth/r;noun;yes
κουράτωρ;[];"- curator; serve as curator; office of curator";https://www.perseus.tufts.edu/hopper/text?doc=Perseus:text:1999.04.0057:entry=koura/twr;noun;yes
σαλπιγκτήρ;['σαλπίζω'];;;;yes
πολοκράτωρ;['πόλος', 'κρατέω'];- ruling the pole;https://www.perseus.tufts.edu/hopper/text?doc=Perseus:text:1999.04.0057:entry=polokra/twr;noun;yes
ἀφίκτωρ;['ἀπό', 'ἱκνέομαι'];;https://www.perseus.tufts.edu/hopper/text?doc=Perseus:text:1999.04.0057:entry=a)fi/ktwr;noun;yes
ὠκυδήκτωρ;['ὠκύς', 'δάκνω'];- sharp-biting;https://www.perseus.tufts.edu/hopper/text?doc=Perseus:text:1999.04.0057:entry=w)kudh/ktwr;noun;yes
κνηστήρ;['κνίζω', 'κνύω'];"- scraping-knife
- slayer, destroyer";https://www.perseus.tufts.edu/hopper/text?doc=Perseus:text:1999.04.0057:entry=knhsth/r;noun;yes
ὀμφαλιστήρ;['ὀμφαλίς'];- knife to cut the navel-string;https://www.perseus.tufts.edu/hopper/text?doc=Perseus:text:1999.04.0057:entry=o)mfalisth/r;noun;yes
ὑποβαστακτήρ;['ὑπό', 'βαστάζω'];- underbearer;https://www.perseus.tufts.edu/hopper/text?doc=Perseus:text:1999.04.0057:entry=u(pobastakth/r;noun;yes
ἐγχειρογάστωρ;['ἐν', 'χείρ', 'γαστήρ'];;https://www.perseus.tufts.edu/hopper/text?doc=Perseus:text:1999.04.0057:entry=e)gxeiroga/stwr;noun;no
ἐκλήπτωρ;['ἐκ', 'λαμβάνω'];- contractor of works;https://www.perseus.tufts.edu/hopper/text?doc=Perseus:text:1999.04.0057:entry=e)klh/ptwr;noun;yes
ἀγάστωρ;['ἀ', 'γαστήρ'];"- from the same womb; twins; near kinsman";https://www.perseus.tufts.edu/hopper/text?doc=Perseus:text:1999.04.0057:entry=a)ga/stwr;noun;no
αἰωνακτινοκράτωρ;['αἰών', 'ἀκτίς', 'κράτος'];;;;yes
θυμιατήρ;['θυμιάω'];;;;yes
ταυρογάστωρ;['ταῦρος', 'γαστήρ'];"- with bull's paunch; enormous";https://www.perseus.tufts.edu/hopper/text?doc=Perseus:text:1999.04.0057:entry=tauroga/stwr;noun;no
τριακτήρ;['τριάζω'];- victor;https://www.perseus.tufts.edu/hopper/text?doc=Perseus:text:1999.04.0057:entry=triakth/r;noun;yes
συνοικιστήρ;['συνοικίζω'];- one who joins in peopling, fellow-colonist;https://www.perseus.tufts.edu/hopper/text?doc=Perseus:text:1999.04.0057:entry=sunoikisth/r;noun;yes
φραδατήρ;['φραδάω'];- notary;https://www.perseus.tufts.edu/hopper/text?doc=Perseus:text:1999.04.0057:entry=fradath/r;noun;yes
Ἕκτωρ;[];;;noun;no
ψυχοδοτήρ;['ψυχή', 'δότης'];"- giver of the soul; life";https://www.perseus.tufts.edu/hopper/text?doc=Perseus:text:1999.04.0057:entry=yuxodoth/r;noun;yes
καταρτιστήρ;['κατά', 'ἀρτίζω'];- one who restores order, mediator;https://www.perseus.tufts.edu/hopper/text?doc=Perseus:text:1999.04.0057:entry=katartisth/r;noun;yes
κοσμοκτίστωρ;['κόσμος', 'κτίζω'];;;;yes
ἁγήτωρ;[];;;;yes
ἰατήρ;['ἰάομαι'];"- j; surgeon; healer; deliverer";https://www.perseus.tufts.edu/hopper/text?doc=Perseus:text:1999.04.0057:entry=i)ath/r;noun;yes
οἰκητήρ;['οἰκέω'];;https://www.perseus.tufts.edu/hopper/text?doc=Perseus:text:1999.04.0057:entry=oi)khth/r;noun;yes
ὀλβιστήρ;['ὀλβίζω'];- one who makes prosperous;https://www.perseus.tufts.edu/hopper/text?doc=Perseus:text:1999.04.0057:entry=o)lbisth/r;noun;yes
Φράστωρ;[];;;noun;no
θρηνητήρ;['θρηνέω'];- mourner, wailer;https://www.perseus.tufts.edu/hopper/text?doc=Perseus:text:1999.04.0057:entry=qrhnhth/r;noun;yes
σκληρότηρ;[];;https://www.perseus.tufts.edu/hopper/text?doc=Perseus:text:1999.04.0057:entry=sklhro/thr;;no
μισοπάτωρ;['μισέω', 'πατήρ'];- hating one's father;https://www.perseus.tufts.edu/hopper/text?doc=Perseus:text:1999.04.0057:entry=misopa/twr;noun;no
ἁλογενέτωρ;['ἅλς', 'γενέτωρ'];;;;yes
μήτηρ;[];"- dam; mother-bird; queen; mother and grandmother; Mater Patriae; Mater invictorum castrorum
- origin; source; the mother; mater; módor";https://www.perseus.tufts.edu/hopper/text?doc=Perseus:text:1999.04.0057:entry=mh/thr;noun;no
ἕκτωρ;['ἔχω'];"- holding fast
- Hector, the prop; stay; of Hector";https://www.perseus.tufts.edu/hopper/text?doc=Perseus:text:1999.04.0057:entry=e(/ktwr;noun;yes
ῥυτήρ;['ἐρύω'];;;noun;yes
ἀντιδικτάτωρ;['ἀντί'];- pro dictatore;https://www.perseus.tufts.edu/hopper/text?doc=Perseus:text:1999.04.0057:entry=a)ntidikta/twr;noun;yes
ἀργυροκοπιστήρ;['ἀργυροκοπέω'];"- coiner; money-changer";https://www.perseus.tufts.edu/hopper/text?doc=Perseus:text:1999.04.0057:entry=a)rgurokopisth/r;noun;no
ἀορτήρ;['ἀείρω'];"- strap to hang; to, sword-belt";https://www.perseus.tufts.edu/hopper/text?doc=Perseus:text:1999.04.0057:entry=a)orth/r;noun;yes
φυλακτήρ;[];;https://www.perseus.tufts.edu/hopper/text?doc=Perseus:text:1999.04.0057:entry=fulakth/r;noun;yes
προγάστωρ;['πρό', 'γαστήρ'];"- pot-bellied; Aër";https://www.perseus.tufts.edu/hopper/text?doc=Perseus:text:1999.04.0057:entry=proga/stwr;noun;no
φρουρήτωρ;['φρουρέω'];- guardian;https://www.perseus.tufts.edu/hopper/text?doc=Perseus:text:1999.04.0057:entry=frourh/twr;noun;yes
ἐπαρυστήρ;['ἐπί', 'ἀρύτω'];- vessel for pouring;https://www.perseus.tufts.edu/hopper/text?doc=Perseus:text:1999.04.0057:entry=e)parusth/r;noun;yes
τοποκράτωρ;['τόπος', 'κράτος'];;https://www.perseus.tufts.edu/hopper/text?doc=Perseus:text:1999.04.0057:entry=topokra/twr;noun;yes
προμητάτωρ;[];;;;?
τιμητήρ;['τιμάω'];- assessor;https://www.perseus.tufts.edu/hopper/text?doc=Perseus:text:1999.04.0057:entry=timhth/r;noun;yes
ἐπιλήπτωρ;['ἐπί', 'λαμβάνω'];- censurer;https://www.perseus.tufts.edu/hopper/text?doc=Perseus:text:1999.04.0057:entry=e)pilh/ptwr;noun;yes
ψυκτήρ;['ψύχω'];- wine-cooler;https://www.perseus.tufts.edu/hopper/text?doc=Perseus:text:1999.04.0057:entry=yukth/r;noun;yes
ἀπαμήτωρ;['ἀπό', 'ἀμέρδω'];- shearing off;https://www.perseus.tufts.edu/hopper/text?doc=Perseus:text:1999.04.0057:entry=a)pamh/twr;noun;yes
πλάκτωρ;['πλήσσω'];- striker;https://www.perseus.tufts.edu/hopper/text?doc=Perseus:text:1999.04.0057:entry=pla/ktwr;noun;yes
χιλιαστήρ;['χιλιαστύς'];- member of a;https://www.perseus.tufts.edu/hopper/text?doc=Perseus:text:1999.04.0057:entry=xiliasth/r;noun;yes
ψευδοπάτωρ;['ψευδής', 'πατήρ'];- false, unnatural father;https://www.perseus.tufts.edu/hopper/text?doc=Perseus:text:1999.04.0057:entry=yeudopa/twr;noun;no
ποθήτωρ;['ποθέω'];- one who longs;https://www.perseus.tufts.edu/hopper/text?doc=Perseus:text:1999.04.0057:entry=poqh/twr;noun;yes
παραινετήρ;['παρά', 'αἰνέω'];- encourager, adviser;https://www.perseus.tufts.edu/hopper/text?doc=Perseus:text:1999.04.0057:entry=paraineth/r;noun;yes
ἐθελοντήρ;['ἐθέλω'];- volunteer;https://www.perseus.tufts.edu/hopper/text?doc=Perseus:text:1999.04.0057:entry=e)qelonth/r;noun;yes
ἀμαρησκαπτήρ;['ἀμάρα', 'σκαπτήρ'];- digger of trenches;https://www.perseus.tufts.edu/hopper/text?doc=Perseus:text:1999.04.0057:entry=a)marhskapth/r;noun;yes
ἁγιαστήρ;['ἁγιάζω'];;;;yes
βρυχητήρ;['βρυχάομαι'];- roarer;https://www.perseus.tufts.edu/hopper/text?doc=Perseus:text:1999.04.0057:entry=bruxhth/r;noun;yes
χειρογάστωρ;['χείρ', 'γαστήρ'];"- one who fills his belly with his hands; lives by handiwork";https://www.perseus.tufts.edu/hopper/text?doc=Perseus:text:1999.04.0057:entry=xeiroga/stwr;noun;no
φάντωρ;['φαίνω'];- one who displays;https://www.perseus.tufts.edu/hopper/text?doc=Perseus:text:1999.04.0057:entry=fa/ntwr;noun;yes